Provider_ID,Provider
1,PRV57172
2,PRV55158
3,PRV54966
4,PRV54890
5,PRV52145
6,PRV54683
7,PRV54986
8,PRV55064
9,PRV55104
10,PRV55006
11,PRV54894
12,PRV56257
13,PRV54927
14,PRV55036
15,PRV55215
16,PRV54950
17,PRV53797
18,PRV52901
19,PRV52962
20,PRV52890
21,PRV53269
22,PRV51459
23,PRV51743
24,PRV57317
25,PRV57333
26,PRV54875
27,PRV54847
28,PRV56417
29,PRV56405
30,PRV52063
31,PRV53100
32,PRV55927
33,PRV56021
34,PRV55969
35,PRV56025
36,PRV55916
37,PRV52133
38,PRV57316
39,PRV52486
40,PRV52487
41,PRV55768
42,PRV55455
43,PRV55659
44,PRV52090
45,PRV52837
46,PRV52844
47,PRV55832
48,PRV51539
49,PRV51695
50,PRV51574
51,PRV56740
52,PRV55503
53,PRV55552
54,PRV51369
55,PRV51433
56,PRV51523
57,PRV51749
58,PRV55209
59,PRV55368
60,PRV53256
61,PRV55323
62,PRV55388
63,PRV55163
64,PRV55237
65,PRV56238
66,PRV54075
67,PRV54071
68,PRV55446
69,PRV52114
70,PRV53794
71,PRV52055
72,PRV54985
73,PRV54745
74,PRV54939
75,PRV53911
76,PRV54261
77,PRV54238
78,PRV51017
79,PRV54297
80,PRV54320
81,PRV53618
82,PRV51140
83,PRV54333
84,PRV53923
85,PRV51154
86,PRV51196
87,PRV52945
88,PRV52032
89,PRV53634
90,PRV53774
91,PRV56642
92,PRV56608
93,PRV57014
94,PRV55088
95,PRV55004
96,PRV51636
97,PRV51510
98,PRV56556
99,PRV56733
100,PRV57082
101,PRV53662
102,PRV52064
103,PRV53649
104,PRV53623
105,PRV53706
106,PRV52019
107,PRV55000
108,PRV53958
109,PRV55262
110,PRV56270
111,PRV57173
112,PRV57429
113,PRV54837
114,PRV54854
115,PRV52049
116,PRV52170
117,PRV53692
118,PRV52386
119,PRV52260
120,PRV52147
121,PRV56268
122,PRV55169
123,PRV52098
124,PRV52503
125,PRV52520
126,PRV51159
127,PRV52501
128,PRV55505
129,PRV55548
130,PRV55667
131,PRV55489
132,PRV51281
133,PRV51293
134,PRV51244
135,PRV51279
136,PRV55835
137,PRV55821
138,PRV55834
139,PRV57314
140,PRV57303
141,PRV57315
142,PRV56559
143,PRV51948
144,PRV54688
145,PRV51988
146,PRV52001
147,PRV53074
148,PRV52986
149,PRV51593
150,PRV51360
151,PRV52649
152,PRV52652
153,PRV55049
154,PRV52307
155,PRV56501
156,PRV55226
157,PRV54949
158,PRV51567
159,PRV52518
160,PRV54668
161,PRV55483
162,PRV52985
163,PRV56562
164,PRV55752
165,PRV56225
166,PRV52066
167,PRV57345
168,PRV52511
169,PRV51125
170,PRV51176
171,PRV51129
172,PRV52573
173,PRV55521
174,PRV52074
175,PRV54896
176,PRV51934
177,PRV54908
178,PRV54918
179,PRV55990
180,PRV56033
181,PRV55892
182,PRV52648
183,PRV52572
184,PRV52723
185,PRV52634
186,PRV52576
187,PRV53000
188,PRV57530
189,PRV53932
190,PRV54743
191,PRV54885
192,PRV54741
193,PRV56379
194,PRV56360
195,PRV56350
196,PRV57213
197,PRV55898
198,PRV52041
199,PRV53295
200,PRV53244
201,PRV53304
202,PRV53320
203,PRV52308
204,PRV52341
205,PRV52312
206,PRV56011
207,PRV55227
208,PRV54345
209,PRV51838
210,PRV51428
211,PRV51606
212,PRV53698
213,PRV53679
214,PRV57672
215,PRV57677
216,PRV57545
217,PRV54092
218,PRV57528
219,PRV57527
220,PRV52441
221,PRV56508
222,PRV57691
223,PRV51871
224,PRV51873
225,PRV52085
226,PRV51153
227,PRV54888
228,PRV56985
229,PRV56560
230,PRV55185
231,PRV56957
232,PRV54840
233,PRV57697
234,PRV56580
235,PRV56637
236,PRV56745
237,PRV54748
238,PRV51466
239,PRV51731
240,PRV51856
241,PRV51499
242,PRV55820
243,PRV57103
244,PRV54778
245,PRV52313
246,PRV52405
247,PRV55755
248,PRV51286
249,PRV54330
250,PRV54378
251,PRV54381
252,PRV51299
253,PRV51266
254,PRV53438
255,PRV55913
256,PRV56832
257,PRV56901
258,PRV52738
259,PRV54367
260,PRV51064
261,PRV55977
262,PRV54765
263,PRV54772
264,PRV53624
265,PRV53685
266,PRV52072
267,PRV51346
268,PRV51164
269,PRV52636
270,PRV55736
271,PRV56803
272,PRV56598
273,PRV57098
274,PRV51004
275,PRV52089
276,PRV52246
277,PRV52095
278,PRV52236
279,PRV52037
280,PRV55875
281,PRV51479
282,PRV55839
283,PRV55831
284,PRV51788
285,PRV51521
286,PRV51550
287,PRV55981
288,PRV56010
289,PRV54514
290,PRV51857
291,PRV51386
292,PRV56796
293,PRV54070
294,PRV51868
295,PRV53258
296,PRV55929
297,PRV55278
298,PRV55207
299,PRV55319
300,PRV55165
301,PRV55943
302,PRV55972
303,PRV56235
304,PRV55196
305,PRV52859
306,PRV52941
307,PRV51151
308,PRV53762
309,PRV52180
310,PRV53940
311,PRV52870
312,PRV52893
313,PRV52829
314,PRV52842
315,PRV52439
316,PRV52298
317,PRV52337
318,PRV51037
319,PRV56362
320,PRV53002
321,PRV56347
322,PRV53005
323,PRV56367
324,PRV53608
325,PRV55043
326,PRV52623
327,PRV52677
328,PRV52568
329,PRV52702
330,PRV54340
331,PRV53689
332,PRV53937
333,PRV55933
334,PRV56006
335,PRV55896
336,PRV57412
337,PRV57434
338,PRV57485
339,PRV57407
340,PRV57179
341,PRV54350
342,PRV54341
343,PRV55836
344,PRV54959
345,PRV56743
346,PRV56808
347,PRV57710
348,PRV51421
349,PRV53405
350,PRV53394
351,PRV55920
352,PRV55993
353,PRV53918
354,PRV53874
355,PRV57732
356,PRV54813
357,PRV57160
358,PRV56439
359,PRV52309
360,PRV51086
361,PRV56707
362,PRV56410
363,PRV56466
364,PRV54937
365,PRV54911
366,PRV55515
367,PRV53939
368,PRV53997
369,PRV55254
370,PRV55220
371,PRV54564
372,PRV54577
373,PRV55439
374,PRV55492
375,PRV55462
376,PRV55459
377,PRV55414
378,PRV51301
379,PRV51265
380,PRV51271
381,PRV51860
382,PRV56248
383,PRV56231
384,PRV52565
385,PRV52646
386,PRV52628
387,PRV52571
388,PRV52631
389,PRV52599
390,PRV52369
391,PRV52399
392,PRV52402
393,PRV53277
394,PRV52930
395,PRV52824
396,PRV52905
397,PRV52933
398,PRV52897
399,PRV52821
400,PRV52836
401,PRV52902
402,PRV52924
403,PRV54101
404,PRV54074
405,PRV54742
406,PRV54960
407,PRV51021
408,PRV51068
409,PRV55819
410,PRV57339
411,PRV54267
412,PRV54325
413,PRV51874
414,PRV53396
415,PRV56760
416,PRV56575
417,PRV57033
418,PRV53385
419,PRV56117
420,PRV55912
421,PRV52120
422,PRV55966
423,PRV56002
424,PRV56104
425,PRV52123
426,PRV52109
427,PRV52092
428,PRV57522
429,PRV57572
430,PRV57624
431,PRV57515
432,PRV54919
433,PRV55051
434,PRV52559
435,PRV52896
436,PRV52869
437,PRV56020
438,PRV52056
439,PRV53973
440,PRV51507
441,PRV51509
442,PRV51617
443,PRV51471
444,PRV55247
445,PRV54565
446,PRV54562
447,PRV51204
448,PRV54831
449,PRV51156
450,PRV52233
451,PRV52229
452,PRV52077
453,PRV52084
454,PRV52030
455,PRV54374
456,PRV54372
457,PRV55959
458,PRV55911
459,PRV51480
460,PRV53710
461,PRV56014
462,PRV52299
463,PRV52334
464,PRV52389
465,PRV55507
466,PRV55522
467,PRV52656
468,PRV55978
469,PRV55037
470,PRV54944
471,PRV53621
472,PRV54508
473,PRV54335
474,PRV56725
475,PRV54332
476,PRV52678
477,PRV54444
478,PRV55022
479,PRV57346
480,PRV57306
481,PRV54634
482,PRV54636
483,PRV54596
484,PRV54627
485,PRV54620
486,PRV54595
487,PRV54506
488,PRV55138
489,PRV54952
490,PRV52598
491,PRV52605
492,PRV52146
493,PRV55230
494,PRV52193
495,PRV57519
496,PRV55479
497,PRV52343
498,PRV51845
499,PRV56275
500,PRV52367
501,PRV56239
502,PRV56245
503,PRV57253
504,PRV57205
505,PRV56416
506,PRV54323
507,PRV52157
508,PRV55214
509,PRV54739
510,PRV55737
511,PRV51042
512,PRV55614
513,PRV55654
514,PRV55392
515,PRV56588
516,PRV56689
517,PRV57049
518,PRV56628
519,PRV53676
520,PRV53700
521,PRV52772
522,PRV52665
523,PRV55467
524,PRV53895
525,PRV54635
526,PRV54573
527,PRV52988
528,PRV52154
529,PRV57208
530,PRV53625
531,PRV55482
532,PRV55958
533,PRV52574
534,PRV52690
535,PRV56615
536,PRV56552
537,PRV54517
538,PRV55955
539,PRV52104
540,PRV55951
541,PRV54080
542,PRV51847
543,PRV51905
544,PRV51837
545,PRV51848
546,PRV55013
547,PRV56537
548,PRV55849
549,PRV56735
550,PRV56754
551,PRV53873
552,PRV53534
553,PRV53383
554,PRV53439
555,PRV53435
556,PRV53442
557,PRV51062
558,PRV51031
559,PRV56444
560,PRV56019
561,PRV51146
562,PRV57322
563,PRV52042
564,PRV56433
565,PRV54216
566,PRV54240
567,PRV54247
568,PRV57191
569,PRV57218
570,PRV55918
571,PRV55917
572,PRV54753
573,PRV54734
574,PRV52021
575,PRV56039
576,PRV55030
577,PRV52059
578,PRV51399
579,PRV51183
580,PRV57313
581,PRV51578
582,PRV57532
583,PRV53605
584,PRV54427
585,PRV54337
586,PRV56249
587,PRV56265
588,PRV56494
589,PRV56438
590,PRV56437
591,PRV53239
592,PRV53374
593,PRV56469
594,PRV53238
595,PRV53300
596,PRV53296
597,PRV53253
598,PRV53441
599,PRV53440
600,PRV53477
601,PRV53382
602,PRV53444
603,PRV52017
604,PRV51954
605,PRV51347
606,PRV54965
607,PRV56577
608,PRV51456
609,PRV53786
610,PRV53776
611,PRV51273
612,PRV51255
613,PRV57231
614,PRV51447
615,PRV53245
616,PRV51379
617,PRV51734
618,PRV53702
619,PRV57175
620,PRV54477
621,PRV54354
622,PRV55984
623,PRV51049
624,PRV54924
625,PRV54882
626,PRV53059
627,PRV53043
628,PRV56345
629,PRV56351
630,PRV55180
631,PRV54955
632,PRV55048
633,PRV51229
634,PRV53892
635,PRV51145
636,PRV56541
637,PRV55865
638,PRV53658
639,PRV51394
640,PRV52469
641,PRV51460
642,PRV51600
643,PRV51474
644,PRV52591
645,PRV53484
646,PRV53401
647,PRV53461
648,PRV53483
649,PRV55997
650,PRV51264
651,PRV51287
652,PRV51300
653,PRV51247
654,PRV57501
655,PRV52903
656,PRV53773
657,PRV53889
658,PRV57600
659,PRV53799
660,PRV52845
661,PRV52827
662,PRV52725
663,PRV52560
664,PRV54454
665,PRV51984
666,PRV54973
667,PRV52057
668,PRV55864
669,PRV55855
670,PRV51598
671,PRV56648
672,PRV55265
673,PRV53266
674,PRV53044
675,PRV53056
676,PRV54438
677,PRV54379
678,PRV54348
679,PRV52955
680,PRV52942
681,PRV52163
682,PRV53417
683,PRV53381
684,PRV51950
685,PRV53547
686,PRV51439
687,PRV57344
688,PRV53876
689,PRV51366
690,PRV56663
691,PRV53682
692,PRV53677
693,PRV55850
694,PRV54761
695,PRV56442
696,PRV52348
697,PRV52351
698,PRV55263
699,PRV51209
700,PRV53945
701,PRV51180
702,PRV55252
703,PRV57725
704,PRV55034
705,PRV54895
706,PRV51005
707,PRV53950
708,PRV53934
709,PRV53913
710,PRV51432
711,PRV51841
712,PRV51911
713,PRV52340
714,PRV53335
715,PRV53259
716,PRV53326
717,PRV53312
718,PRV52881
719,PRV56241
720,PRV56259
721,PRV55232
722,PRV55304
723,PRV55357
724,PRV55338
725,PRV55182
726,PRV55313
727,PRV53909
728,PRV51535
729,PRV57686
730,PRV55010
731,PRV55246
732,PRV53750
733,PRV57455
734,PRV53252
735,PRV56625
736,PRV53121
737,PRV53117
738,PRV55717
739,PRV55715
740,PRV53872
741,PRV52065
742,PRV52159
743,PRV52281
744,PRV57555
745,PRV52304
746,PRV55110
747,PRV54977
748,PRV54934
749,PRV55029
750,PRV52020
751,PRV53927
752,PRV56967
753,PRV57318
754,PRV57129
755,PRV57335
756,PRV57376
757,PRV53248
758,PRV53242
759,PRV53276
760,PRV53260
761,PRV53303
762,PRV55183
763,PRV55177
764,PRV57312
765,PRV52663
766,PRV52953
767,PRV52950
768,PRV52873
769,PRV54324
770,PRV54239
771,PRV54255
772,PRV54228
773,PRV54076
774,PRV56616
775,PRV56764
776,PRV57152
777,PRV52031
778,PRV57109
779,PRV57209
780,PRV57224
781,PRV55108
782,PRV55099
783,PRV55056
784,PRV55465
785,PRV56790
786,PRV56788
787,PRV51770
788,PRV51737
789,PRV52916
790,PRV52889
791,PRV52853
792,PRV54963
793,PRV52982
794,PRV53007
795,PRV54230
796,PRV56449
797,PRV54291
798,PRV51335
799,PRV51253
800,PRV51994
801,PRV52014
802,PRV52587
803,PRV52614
804,PRV51568
805,PRV57521
806,PRV52566
807,PRV51790
808,PRV55946
809,PRV57230
810,PRV54723
811,PRV52884
812,PRV52877
813,PRV52917
814,PRV54098
815,PRV53664
816,PRV53638
817,PRV55872
818,PRV51060
819,PRV51114
820,PRV51035
821,PRV51082
822,PRV54107
823,PRV51342
824,PRV51669
825,PRV56191
826,PRV52645
827,PRV52502
828,PRV57410
829,PRV54914
830,PRV54933
831,PRV55213
832,PRV55192
833,PRV55366
834,PRV55231
835,PRV51809
836,PRV55719
837,PRV55690
838,PRV57641
839,PRV55956
840,PRV56591
841,PRV51849
842,PRV51852
843,PRV51836
844,PRV51851
845,PRV52342
846,PRV52310
847,PRV52359
848,PRV52414
849,PRV51670
850,PRV52561
851,PRV52558
852,PRV52661
853,PRV56748
854,PRV52589
855,PRV54387
856,PRV54342
857,PRV53880
858,PRV52058
859,PRV54814
860,PRV55676
861,PRV54905
862,PRV57153
863,PRV55057
864,PRV51464
865,PRV57343
866,PRV52515
867,PRV57108
868,PRV55822
869,PRV53977
870,PRV52887
871,PRV56448
872,PRV52097
873,PRV52131
874,PRV56243
875,PRV56216
876,PRV52715
877,PRV52657
878,PRV52593
879,PRV53675
880,PRV54139
881,PRV54181
882,PRV54133
883,PRV53443
884,PRV56452
885,PRV52373
886,PRV53871
887,PRV53986
888,PRV53942
889,PRV54541
890,PRV54675
891,PRV53816
892,PRV57036
893,PRV57756
894,PRV55689
895,PRV51348
896,PRV51355
897,PRV51443
898,PRV56602
899,PRV56671
900,PRV55264
901,PRV56481
902,PRV54724
903,PRV56425
904,PRV52980
905,PRV53894
906,PRV56430
907,PRV56467
908,PRV56517
909,PRV52356
910,PRV52332
911,PRV52349
912,PRV52449
913,PRV52303
914,PRV52045
915,PRV55239
916,PRV55269
917,PRV51112
918,PRV51113
919,PRV51072
920,PRV51030
921,PRV51121
922,PRV55633
923,PRV56526
924,PRV56479
925,PRV57204
926,PRV51356
927,PRV54511
928,PRV57336
929,PRV54111
930,PRV54083
931,PRV54786
932,PRV53670
933,PRV53674
934,PRV53686
935,PRV53672
936,PRV53709
937,PRV54209
938,PRV54219
939,PRV57348
940,PRV57379
941,PRV57307
942,PRV55893
943,PRV55907
944,PRV56404
945,PRV56461
946,PRV56435
947,PRV54938
948,PRV54404
949,PRV57156
950,PRV53520
951,PRV57596
952,PRV52654
953,PRV53790
954,PRV53910
955,PRV54946
956,PRV57287
957,PRV57166
958,PRV57211
959,PRV57192
960,PRV56044
961,PRV55937
962,PRV56546
963,PRV54231
964,PRV52521
965,PRV57509
966,PRV57242
967,PRV57212
968,PRV55873
969,PRV54507
970,PRV54550
971,PRV51390
972,PRV53695
973,PRV57423
974,PRV53713
975,PRV57452
976,PRV57440
977,PRV54475
978,PRV54363
979,PRV54578
980,PRV54265
981,PRV54217
982,PRV56255
983,PRV55848
984,PRV55818
985,PRV52500
986,PRV52517
987,PRV52497
988,PRV52523
989,PRV55817
990,PRV56008
991,PRV56234
992,PRV54892
993,PRV51928
994,PRV51468
995,PRV54879
996,PRV55061
997,PRV54609
998,PRV56630
999,PRV56951
1000,PRV53743
1001,PRV56611
1002,PRV54846
1003,PRV54842
1004,PRV55789
1005,PRV55679
1006,PRV53210
1007,PRV51605
1008,PRV53956
1009,PRV54339
1010,PRV54434
1011,PRV52347
1012,PRV55735
1013,PRV55743
1014,PRV56253
1015,PRV53574
1016,PRV56738
1017,PRV53586
1018,PRV53535
1019,PRV57228
1020,PRV53720
1021,PRV56154
1022,PRV56145
1023,PRV56179
1024,PRV56182
1025,PRV51063
1026,PRV55003
1027,PRV53755
1028,PRV54557
1029,PRV57324
1030,PRV57185
1031,PRV53915
1032,PRV54681
1033,PRV53699
1034,PRV55598
1035,PRV55652
1036,PRV55640
1037,PRV55576
1038,PRV55438
1039,PRV55210
1040,PRV53763
1041,PRV51944
1042,PRV53808
1043,PRV54926
1044,PRV57101
1045,PRV52519
1046,PRV51544
1047,PRV55039
1048,PRV55846
1049,PRV55791
1050,PRV55732
1051,PRV55463
1052,PRV55556
1053,PRV53343
1054,PRV52704
1055,PRV56521
1056,PRV56447
1057,PRV52336
1058,PRV54258
1059,PRV51858
1060,PRV56028
1061,PRV54336
1062,PRV54370
1063,PRV55733
1064,PRV51739
1065,PRV55335
1066,PRV55164
1067,PRV55298
1068,PRV54563
1069,PRV54588
1070,PRV56030
1071,PRV56210
1072,PRV51959
1073,PRV51930
1074,PRV51940
1075,PRV56209
1076,PRV54670
1077,PRV52858
1078,PRV52788
1079,PRV52452
1080,PRV53076
1081,PRV53038
1082,PRV56667
1083,PRV56269
1084,PRV57470
1085,PRV56497
1086,PRV56426
1087,PRV52054
1088,PRV55261
1089,PRV57262
1090,PRV57544
1091,PRV57216
1092,PRV57263
1093,PRV54971
1094,PRV55050
1095,PRV52843
1096,PRV53246
1097,PRV53378
1098,PRV54716
1099,PRV57347
1100,PRV53045
1101,PRV57715
1102,PRV57365
1103,PRV57332
1104,PRV51122
1105,PRV51171
1106,PRV54521
1107,PRV57405
1108,PRV55510
1109,PRV55963
1110,PRV55995
1111,PRV56828
1112,PRV51675
1113,PRV51436
1114,PRV51623
1115,PRV52872
1116,PRV56613
1117,PRV56592
1118,PRV57719
1119,PRV53887
1120,PRV52150
1121,PRV55045
1122,PRV53775
1123,PRV55518
1124,PRV55272
1125,PRV53321
1126,PRV54426
1127,PRV54373
1128,PRV51933
1129,PRV51482
1130,PRV51794
1131,PRV51488
1132,PRV54651
1133,PRV51441
1134,PRV56421
1135,PRV56445
1136,PRV56400
1137,PRV51350
1138,PRV53673
1139,PRV52323
1140,PRV51256
1141,PRV51262
1142,PRV51284
1143,PRV52455
1144,PRV53688
1145,PRV53697
1146,PRV53749
1147,PRV53838
1148,PRV53975
1149,PRV51391
1150,PRV55362
1151,PRV52353
1152,PRV55340
1153,PRV56228
1154,PRV56271
1155,PRV52895
1156,PRV56015
1157,PRV57148
1158,PRV52276
1159,PRV51752
1160,PRV51583
1161,PRV56679
1162,PRV55053
1163,PRV55054
1164,PRV52129
1165,PRV55514
1166,PRV52750
1167,PRV51170
1168,PRV54975
1169,PRV55701
1170,PRV55181
1171,PRV55378
1172,PRV57158
1173,PRV57150
1174,PRV53787
1175,PRV55908
1176,PRV52027
1177,PRV52135
1178,PRV55703
1179,PRV52182
1180,PRV52274
1181,PRV55481
1182,PRV55452
1183,PRV54610
1184,PRV56353
1185,PRV54566
1186,PRV55496
1187,PRV57529
1188,PRV52935
1189,PRV53356
1190,PRV53359
1191,PRV53352
1192,PRV52141
1193,PRV53779
1194,PRV51937
1195,PRV56137
1196,PRV54531
1197,PRV51616
1198,PRV54676
1199,PRV55999
1200,PRV57602
1201,PRV57605
1202,PRV54020
1203,PRV52138
1204,PRV56500
1205,PRV52394
1206,PRV51109
1207,PRV53920
1208,PRV56012
1209,PRV56207
1210,PRV54580
1211,PRV54559
1212,PRV54256
1213,PRV53931
1214,PRV57543
1215,PRV53971
1216,PRV55219
1217,PRV56018
1218,PRV52543
1219,PRV53216
1220,PRV53161
1221,PRV54388
1222,PRV57059
1223,PRV57744
1224,PRV51828
1225,PRV51556
1226,PRV55745
1227,PRV51249
1228,PRV55688
1229,PRV55788
1230,PRV56111
1231,PRV55902
1232,PRV55910
1233,PRV55968
1234,PRV55416
1235,PRV51167
1236,PRV53294
1237,PRV52679
1238,PRV52892
1239,PRV53243
1240,PRV56169
1241,PRV53050
1242,PRV52112
1243,PRV57202
1244,PRV55229
1245,PRV53951
1246,PRV53764
1247,PRV52068
1248,PRV51091
1249,PRV51100
1250,PRV55434
1251,PRV52029
1252,PRV53900
1253,PRV53640
1254,PRV52166
1255,PRV52128
1256,PRV54686
1257,PRV56777
1258,PRV52318
1259,PRV52383
1260,PRV52331
1261,PRV52320
1262,PRV54215
1263,PRV55516
1264,PRV55536
1265,PRV57557
1266,PRV57558
1267,PRV55464
1268,PRV55535
1269,PRV55627
1270,PRV56338
1271,PRV56647
1272,PRV57006
1273,PRV52384
1274,PRV52660
1275,PRV57576
1276,PRV57597
1277,PRV53042
1278,PRV51165
1279,PRV51144
1280,PRV51426
1281,PRV51508
1282,PRV53584
1283,PRV53578
1284,PRV51070
1285,PRV55868
1286,PRV51501
1287,PRV55147
1288,PRV56131
1289,PRV55001
1290,PRV52763
1291,PRV51634
1292,PRV54682
1293,PRV53078
1294,PRV53035
1295,PRV52991
1296,PRV52981
1297,PRV53036
1298,PRV53569
1299,PRV53523
1300,PRV54907
1301,PRV53447
1302,PRV51059
1303,PRV51097
1304,PRV53449
1305,PRV53222
1306,PRV53104
1307,PRV53921
1308,PRV53708
1309,PRV54196
1310,PRV54156
1311,PRV54089
1312,PRV53791
1313,PRV51089
1314,PRV56813
1315,PRV53071
1316,PRV52999
1317,PRV53064
1318,PRV53151
1319,PRV53173
1320,PRV53159
1321,PRV52130
1322,PRV51067
1323,PRV52071
1324,PRV52584
1325,PRV54085
1326,PRV51160
1327,PRV52640
1328,PRV57366
1329,PRV56355
1330,PRV57170
1331,PRV54967
1332,PRV54910
1333,PRV55042
1334,PRV57642
1335,PRV51429
1336,PRV51155
1337,PRV52314
1338,PRV51084
1339,PRV55934
1340,PRV55941
1341,PRV55971
1342,PRV54064
1343,PRV54066
1344,PRV55942
1345,PRV57046
1346,PRV53282
1347,PRV57171
1348,PRV57200
1349,PRV52739
1350,PRV57380
1351,PRV53365
1352,PRV57151
1353,PRV57518
1354,PRV57310
1355,PRV53329
1356,PRV51276
1357,PRV54334
1358,PRV57709
1359,PRV56610
1360,PRV56807
1361,PRV56758
1362,PRV55211
1363,PRV56939
1364,PRV56819
1365,PRV52483
1366,PRV55557
1367,PRV54225
1368,PRV53001
1369,PRV56208
1370,PRV57305
1371,PRV55705
1372,PRV55562
1373,PRV56576
1374,PRV56905
1375,PRV55741
1376,PRV55764
1377,PRV51867
1378,PRV52003
1379,PRV53765
1380,PRV53364
1381,PRV53363
1382,PRV57193
1383,PRV52113
1384,PRV57238
1385,PRV57239
1386,PRV54970
1387,PRV52022
1388,PRV55019
1389,PRV55087
1390,PRV51336
1391,PRV55930
1392,PRV52642
1393,PRV52563
1394,PRV56247
1395,PRV56224
1396,PRV54694
1397,PRV56279
1398,PRV55274
1399,PRV55309
1400,PRV55344
1401,PRV55175
1402,PRV54684
1403,PRV53993
1404,PRV53974
1405,PRV53965
1406,PRV52038
1407,PRV52266
1408,PRV55957
1409,PRV56668
1410,PRV56724
1411,PRV52149
1412,PRV51949
1413,PRV52156
1414,PRV54758
1415,PRV51393
1416,PRV53540
1417,PRV55203
1418,PRV54356
1419,PRV54344
1420,PRV55803
1421,PRV51061
1422,PRV51008
1423,PRV51025
1424,PRV54510
1425,PRV52531
1426,PRV56544
1427,PRV55279
1428,PRV53141
1429,PRV53169
1430,PRV55523
1431,PRV54540
1432,PRV56890
1433,PRV54245
1434,PRV55935
1435,PRV52423
1436,PRV52395
1437,PRV52365
1438,PRV53504
1439,PRV53907
1440,PRV52592
1441,PRV57110
1442,PRV51185
1443,PRV54093
1444,PRV51377
1445,PRV56741
1446,PRV57031
1447,PRV56726
1448,PRV52907
1449,PRV52406
1450,PRV51542
1451,PRV56684
1452,PRV51383
1453,PRV51584
1454,PRV54561
1455,PRV54569
1456,PRV54567
1457,PRV54065
1458,PRV55771
1459,PRV53957
1460,PRV54868
1461,PRV53274
1462,PRV51961
1463,PRV56211
1464,PRV52562
1465,PRV52570
1466,PRV53925
1467,PRV54991
1468,PRV51973
1469,PRV52315
1470,PRV54667
1471,PRV51590
1472,PRV55596
1473,PRV52224
1474,PRV56618
1475,PRV51263
1476,PRV56213
1477,PRV53781
1478,PRV55276
1479,PRV55275
1480,PRV51430
1481,PRV51522
1482,PRV51678
1483,PRV57734
1484,PRV55063
1485,PRV51516
1486,PRV51528
1487,PRV52499
1488,PRV51525
1489,PRV51811
1490,PRV51604
1491,PRV51419
1492,PRV52862
1493,PRV55281
1494,PRV52256
1495,PRV57654
1496,PRV56649
1497,PRV51312
1498,PRV54315
1499,PRV54725
1500,PRV54954
1501,PRV55091
1502,PRV54904
1503,PRV54936
1504,PRV52044
1505,PRV56683
1506,PRV56703
1507,PRV55005
1508,PRV54144
1509,PRV57449
1510,PRV51027
1511,PRV52366
1512,PRV54244
1513,PRV52549
1514,PRV52400
1515,PRV52425
1516,PRV53073
1517,PRV52990
1518,PRV52407
1519,PRV57722
1520,PRV56729
1521,PRV51241
1522,PRV54783
1523,PRV52115
1524,PRV51422
1525,PRV57319
1526,PRV52076
1527,PRV51189
1528,PRV53387
1529,PRV52279
1530,PRV57352
1531,PRV57382
1532,PRV52169
1533,PRV54998
1534,PRV52956
1535,PRV54774
1536,PRV54090
1537,PRV56824
1538,PRV56693
1539,PRV56375
1540,PRV56384
1541,PRV51329
1542,PRV51307
1543,PRV51308
1544,PRV52094
1545,PRV55194
1546,PRV54382
1547,PRV54360
1548,PRV54410
1549,PRV54423
1550,PRV54383
1551,PRV57149
1552,PRV53828
1553,PRV51998
1554,PRV53103
1555,PRV53212
1556,PRV53171
1557,PRV55450
1558,PRV56601
1559,PRV54776
1560,PRV54822
1561,PRV56036
1562,PRV52508
1563,PRV56747
1564,PRV51415
1565,PRV51388
1566,PRV55270
1567,PRV55234
1568,PRV51137
1569,PRV54251
1570,PRV51304
1571,PRV51280
1572,PRV51250
1573,PRV55238
1574,PRV51260
1575,PRV51245
1576,PRV51261
1577,PRV53967
1578,PRV52025
1579,PRV52208
1580,PRV56335
1581,PRV52495
1582,PRV52346
1583,PRV52168
1584,PRV51431
1585,PRV54690
1586,PRV53633
1587,PRV54708
1588,PRV51938
1589,PRV55027
1590,PRV55216
1591,PRV55243
1592,PRV52666
1593,PRV52943
1594,PRV51178
1595,PRV52403
1596,PRV51486
1597,PRV56685
1598,PRV56917
1599,PRV54652
1600,PRV55996
1601,PRV51842
1602,PRV56697
1603,PRV56721
1604,PRV56672
1605,PRV51111
1606,PRV51056
1607,PRV51274
1608,PRV51285
1609,PRV55567
1610,PRV53966
1611,PRV55240
1612,PRV55358
1613,PRV55474
1614,PRV55525
1615,PRV55500
1616,PRV53964
1617,PRV54756
1618,PRV53052
1619,PRV54685
1620,PRV54705
1621,PRV55453
1622,PRV52849
1623,PRV52847
1624,PRV52087
1625,PRV52046
1626,PRV51596
1627,PRV55837
1628,PRV51579
1629,PRV53819
1630,PRV56221
1631,PRV54099
1632,PRV53463
1633,PRV53388
1634,PRV54812
1635,PRV55086
1636,PRV51340
1637,PRV51855
1638,PRV56455
1639,PRV56413
1640,PRV56411
1641,PRV56406
1642,PRV51143
1643,PRV51142
1644,PRV52420
1645,PRV55469
1646,PRV55656
1647,PRV51661
1648,PRV51190
1649,PRV57492
1650,PRV56579
1651,PRV56478
1652,PRV55592
1653,PRV57024
1654,PRV56655
1655,PRV56810
1656,PRV56789
1657,PRV57746
1658,PRV52581
1659,PRV51013
1660,PRV52165
1661,PRV52167
1662,PRV54250
1663,PRV53478
1664,PRV53470
1665,PRV51387
1666,PRV52621
1667,PRV51826
1668,PRV52602
1669,PRV52722
1670,PRV53077
1671,PRV56454
1672,PRV55921
1673,PRV54747
1674,PRV54764
1675,PRV56103
1676,PRV56114
1677,PRV53769
1678,PRV52644
1679,PRV56791
1680,PRV51637
1681,PRV51629
1682,PRV53194
1683,PRV56659
1684,PRV57701
1685,PRV52107
1686,PRV51345
1687,PRV51641
1688,PRV57182
1689,PRV54287
1690,PRV54242
1691,PRV54539
1692,PRV54504
1693,PRV56138
1694,PRV53313
1695,PRV53301
1696,PRV52247
1697,PRV55326
1698,PRV52846
1699,PRV53229
1700,PRV53142
1701,PRV55885
1702,PRV51434
1703,PRV55541
1704,PRV51957
1705,PRV54442
1706,PRV54399
1707,PRV53884
1708,PRV52100
1709,PRV53912
1710,PRV52186
1711,PRV57174
1712,PRV56856
1713,PRV57234
1714,PRV51128
1715,PRV56654
1716,PRV56587
1717,PRV54359
1718,PRV57646
1719,PRV52861
1720,PRV56222
1721,PRV52409
1722,PRV51571
1723,PRV53617
1724,PRV52212
1725,PRV55709
1726,PRV51272
1727,PRV52611
1728,PRV52588
1729,PRV52237
1730,PRV54091
1731,PRV53806
1732,PRV51761
1733,PRV55487
1734,PRV53802
1735,PRV57547
1736,PRV57674
1737,PRV51487
1738,PRV57668
1739,PRV56161
1740,PRV56198
1741,PRV53793
1742,PRV51614
1743,PRV52051
1744,PRV55235
1745,PRV55312
1746,PRV52857
1747,PRV53959
1748,PRV53570
1749,PRV54978
1750,PRV56538
1751,PRV56412
1752,PRV56509
1753,PRV56212
1754,PRV51573
1755,PRV51884
1756,PRV51560
1757,PRV55591
1758,PRV53446
1759,PRV53495
1760,PRV54478
1761,PRV55447
1762,PRV51989
1763,PRV51389
1764,PRV57354
1765,PRV56840
1766,PRV56835
1767,PRV56604
1768,PRV56751
1769,PRV53490
1770,PRV52352
1771,PRV51011
1772,PRV51696
1773,PRV53532
1774,PRV56151
1775,PRV55948
1776,PRV56769
1777,PRV57057
1778,PRV57716
1779,PRV56915
1780,PRV56823
1781,PRV57404
1782,PRV55331
1783,PRV55256
1784,PRV55189
1785,PRV56237
1786,PRV57219
1787,PRV57197
1788,PRV57207
1789,PRV56263
1790,PRV56334
1791,PRV51991
1792,PRV52484
1793,PRV52467
1794,PRV56319
1795,PRV56261
1796,PRV56266
1797,PRV54917
1798,PRV51169
1799,PRV55470
1800,PRV57433
1801,PRV52073
1802,PRV52249
1803,PRV55058
1804,PRV55028
1805,PRV55833
1806,PRV55843
1807,PRV53981
1808,PRV54763
1809,PRV52826
1810,PRV55716
1811,PRV55728
1812,PRV55780
1813,PRV55748
1814,PRV55677
1815,PRV52692
1816,PRV53712
1817,PRV51041
1818,PRV52798
1819,PRV51490
1820,PRV52633
1821,PRV57190
1822,PRV51344
1823,PRV53284
1824,PRV53342
1825,PRV56307
1826,PRV57159
1827,PRV52152
1828,PRV54060
1829,PRV53982
1830,PRV53770
1831,PRV55257
1832,PRV54479
1833,PRV53979
1834,PRV54806
1835,PRV54982
1836,PRV54887
1837,PRV55002
1838,PRV57000
1839,PRV55543
1840,PRV53145
1841,PRV53106
1842,PRV52697
1843,PRV52556
1844,PRV51495
1845,PRV54900
1846,PRV57510
1847,PRV52290
1848,PRV57761
1849,PRV53968
1850,PRV54207
1851,PRV54206
1852,PRV54930
1853,PRV54727
1854,PRV51029
1855,PRV56287
1856,PRV53280
1857,PRV55734
1858,PRV53225
1859,PRV57425
1860,PRV57414
1861,PRV55026
1862,PRV51992
1863,PRV51996
1864,PRV56525
1865,PRV56432
1866,PRV56418
1867,PRV56702
1868,PRV54704
1869,PRV56680
1870,PRV54327
1871,PRV53759
1872,PRV53032
1873,PRV53727
1874,PRV56473
1875,PRV56568
1876,PRV56706
1877,PRV51149
1878,PRV55038
1879,PRV54781
1880,PRV51401
1881,PRV54630
1882,PRV53272
1883,PRV53279
1884,PRV55460
1885,PRV52013
1886,PRV55986
1887,PRV55083
1888,PRV52590
1889,PRV55198
1890,PRV55356
1891,PRV57016
1892,PRV55903
1893,PRV55731
1894,PRV53660
1895,PRV56013
1896,PRV55905
1897,PRV57320
1898,PRV51179
1899,PRV55445
1900,PRV54273
1901,PRV54237
1902,PRV56657
1903,PRV55884
1904,PRV53768
1905,PRV51974
1906,PRV55563
1907,PRV56148
1908,PRV57512
1909,PRV57113
1910,PRV54660
1911,PRV54653
1912,PRV54661
1913,PRV56977
1914,PRV54408
1915,PRV53154
1916,PRV53120
1917,PRV53236
1918,PRV57568
1919,PRV51297
1920,PRV52731
1921,PRV57217
1922,PRV56077
1923,PRV56001
1924,PRV55938
1925,PRV57448
1926,PRV53628
1927,PRV54953
1928,PRV51716
1929,PRV51775
1930,PRV57693
1931,PRV56264
1932,PRV54906
1933,PRV55869
1934,PRV55828
1935,PRV54560
1936,PRV51951
1937,PRV52998
1938,PRV51517
1939,PRV51932
1940,PRV57034
1941,PRV56593
1942,PRV56005
1943,PRV57549
1944,PRV57496
1945,PRV57539
1946,PRV56716
1947,PRV57189
1948,PRV55842
1949,PRV52567
1950,PRV52710
1951,PRV52683
1952,PRV54368
1953,PRV52835
1954,PRV53963
1955,PRV52209
1956,PRV56996
1957,PRV54112
1958,PRV54142
1959,PRV51536
1960,PRV54790
1961,PRV52372
1962,PRV52362
1963,PRV56566
1964,PRV51242
1965,PRV51252
1966,PRV52920
1967,PRV53353
1968,PRV53261
1969,PRV53247
1970,PRV51168
1971,PRV55866
1972,PRV55250
1973,PRV55444
1974,PRV55116
1975,PRV52972
1976,PRV56486
1977,PRV55172
1978,PRV55307
1979,PRV54855
1980,PRV57004
1981,PRV54861
1982,PRV52630
1983,PRV52617
1984,PRV51349
1985,PRV53179
1986,PRV53319
1987,PRV53297
1988,PRV51410
1989,PRV54429
1990,PRV51504
1991,PRV53784
1992,PRV53289
1993,PRV53339
1994,PRV53298
1995,PRV54127
1996,PRV53614
1997,PRV53620
1998,PRV51040
1999,PRV55985
2000,PRV55435
2001,PRV52361
2002,PRV51290
2003,PRV56278
2004,PRV56281
2005,PRV56284
2006,PRV55870
2007,PRV52745
2008,PRV56578
2009,PRV54326
2010,PRV54271
2011,PRV52325
2012,PRV56242
2013,PRV56260
2014,PRV53408
2015,PRV54780
2016,PRV54081
2017,PRV54833
2018,PRV52264
2019,PRV52527
2020,PRV54402
2021,PRV55018
2022,PRV55068
2023,PRV54941
2024,PRV55128
2025,PRV52381
2026,PRV51046
2027,PRV55520
2028,PRV57406
2029,PRV51418
2030,PRV55353
2031,PRV55322
2032,PRV56782
2033,PRV56871
2034,PRV55248
2035,PRV56923
2036,PRV51058
2037,PRV55297
2038,PRV55354
2039,PRV55206
2040,PRV55491
2041,PRV51653
2042,PRV57611
2043,PRV57586
2044,PRV54834
2045,PRV57255
2046,PRV54767
2047,PRV53111
2048,PRV54220
2049,PRV55167
2050,PRV52575
2051,PRV54347
2052,PRV53782
2053,PRV56143
2054,PRV55653
2055,PRV56164
2056,PRV54771
2057,PRV52069
2058,PRV55623
2059,PRV57325
2060,PRV57301
2061,PRV54049
2062,PRV53990
2063,PRV52079
2064,PRV54715
2065,PRV55512
2066,PRV53133
2067,PRV52435
2068,PRV53905
2069,PRV51296
2070,PRV54466
2071,PRV51404
2072,PRV51217
2073,PRV55687
2074,PRV52197
2075,PRV53262
2076,PRV54640
2077,PRV53817
2078,PRV53609
2079,PRV54808
2080,PRV51690
2081,PRV51357
2082,PRV51726
2083,PRV53783
2084,PRV52964
2085,PRV52684
2086,PRV53891
2087,PRV55571
2088,PRV55495
2089,PRV55283
2090,PRV55333
2091,PRV52002
2092,PRV57718
2093,PRV56995
2094,PRV55454
2095,PRV52928
2096,PRV52936
2097,PRV54103
2098,PRV54157
2099,PRV55410
2100,PRV54159
2101,PRV57574
2102,PRV52178
2103,PRV52192
2104,PRV57274
2105,PRV54455
2106,PRV51045
2107,PRV51083
2108,PRV56045
2109,PRV51353
2110,PRV55359
2111,PRV57595
2112,PRV55534
2113,PRV54078
2114,PRV55396
2115,PRV56597
2116,PRV56826
2117,PRV56746
2118,PRV54515
2119,PRV53065
2120,PRV55071
2121,PRV55343
2122,PRV55179
2123,PRV51964
2124,PRV56938
2125,PRV57236
2126,PRV57168
2127,PRV55171
2128,PRV56686
2129,PRV56763
2130,PRV52357
2131,PRV55675
2132,PRV56550
2133,PRV53127
2134,PRV57125
2135,PRV57658
2136,PRV57122
2137,PRV54007
2138,PRV54419
2139,PRV54450
2140,PRV53491
2141,PRV56651
2142,PRV53573
2143,PRV55798
2144,PRV56440
2145,PRV56297
2146,PRV56555
2147,PRV57625
2148,PRV57598
2149,PRV51742
2150,PRV51472
2151,PRV51491
2152,PRV51448
2153,PRV54649
2154,PRV51326
2155,PRV51492
2156,PRV55072
2157,PRV52283
2158,PRV56624
2159,PRV52009
2160,PRV54056
2161,PRV52450
2162,PRV52300
2163,PRV52321
2164,PRV52122
2165,PRV55187
2166,PRV57120
2167,PRV51622
2168,PRV51740
2169,PRV57684
2170,PRV51406
2171,PRV51691
2172,PRV51694
2173,PRV51424
2174,PRV56397
2175,PRV53629
2176,PRV52119
2177,PRV55909
2178,PRV56040
2179,PRV56470
2180,PRV56528
2181,PRV53922
2182,PRV53991
2183,PRV55233
2184,PRV53785
2185,PRV54257
2186,PRV57614
2187,PRV57563
2188,PRV57491
2189,PRV53423
2190,PRV56870
2191,PRV56152
2192,PRV54602
2193,PRV54574
2194,PRV56945
2195,PRV51364
2196,PRV51547
2197,PRV53859
2198,PRV53192
2199,PRV52062
2200,PRV52151
2201,PRV57422
2202,PRV55184
2203,PRV51081
2204,PRV55493
2205,PRV56336
2206,PRV56877
2207,PRV55293
2208,PRV51514
2209,PRV55695
2210,PRV51626
2211,PRV51759
2212,PRV56046
2213,PRV55376
2214,PRV56407
2215,PRV51038
2216,PRV52282
2217,PRV57431
2218,PRV52948
2219,PRV53255
2220,PRV54779
2221,PRV56368
2222,PRV52126
2223,PRV52374
2224,PRV57167
2225,PRV57241
2226,PRV51077
2227,PRV55094
2228,PRV54572
2229,PRV51748
2230,PRV51610
2231,PRV54208
2232,PRV55490
2233,PRV53849
2234,PRV52700
2235,PRV56607
2236,PRV57593
2237,PRV56766
2238,PRV55673
2239,PRV53499
2240,PRV54703
2241,PRV55052
2242,PRV55604
2243,PRV52124
2244,PRV55012
2245,PRV54401
2246,PRV55852
2247,PRV55856
2248,PRV52548
2249,PRV52629
2250,PRV57311
2251,PRV56634
2252,PRV55168
2253,PRV57081
2254,PRV53283
2255,PRV52539
2256,PRV52540
2257,PRV51105
2258,PRV53635
2259,PRV56401
2260,PRV54983
2261,PRV53961
2262,PRV51685
2263,PRV54696
2264,PRV52688
2265,PRV52121
2266,PRV56058
2267,PRV57142
2268,PRV54486
2269,PRV55763
2270,PRV56645
2271,PRV52398
2272,PRV51929
2273,PRV57526
2274,PRV57502
2275,PRV57523
2276,PRV57601
2277,PRV52782
2278,PRV52659
2279,PRV53110
2280,PRV53156
2281,PRV53122
2282,PRV56730
2283,PRV56722
2284,PRV56950
2285,PRV51405
2286,PRV52061
2287,PRV51202
2288,PRV55437
2289,PRV55381
2290,PRV55386
2291,PRV55195
2292,PRV55095
2293,PRV52397
2294,PRV56484
2295,PRV56584
2296,PRV55363
2297,PRV55300
2298,PRV53581
2299,PRV56200
2300,PRV56140
2301,PRV54296
2302,PRV51315
2303,PRV57486
2304,PRV57272
2305,PRV57652
2306,PRV52949
2307,PRV54658
2308,PRV55531
2309,PRV53533
2310,PRV55477
2311,PRV57206
2312,PRV52161
2313,PRV52687
2314,PRV57565
2315,PRV57635
2316,PRV57618
2317,PRV55944
2318,PRV51173
2319,PRV54829
2320,PRV55224
2321,PRV54645
2322,PRV54130
2323,PRV53308
2324,PRV53371
2325,PRV56718
2326,PRV54662
2327,PRV55205
2328,PRV54443
2329,PRV54391
2330,PRV53424
2331,PRV56594
2332,PRV56792
2333,PRV51619
2334,PRV52140
2335,PRV53824
2336,PRV53807
2337,PRV53862
2338,PRV56554
2339,PRV57321
2340,PRV52507
2341,PRV56483
2342,PRV51351
2343,PRV57540
2344,PRV57495
2345,PRV55325
2346,PRV53992
2347,PRV53917
2348,PRV57331
2349,PRV51331
2350,PRV52860
2351,PRV55662
2352,PRV57177
2353,PRV52177
2354,PRV53613
2355,PRV51001
2356,PRV51036
2357,PRV55854
2358,PRV57653
2359,PRV57259
2360,PRV52421
2361,PRV52099
2362,PRV52181
2363,PRV57117
2364,PRV55537
2365,PRV53265
2366,PRV53717
2367,PRV53740
2368,PRV55965
2369,PRV51990
2370,PRV53123
2371,PRV57116
2372,PRV57121
2373,PRV56088
2374,PRV56972
2375,PRV53969
2376,PRV51673
2377,PRV54689
2378,PRV53831
2379,PRV55188
2380,PRV57072
2381,PRV51863
2382,PRV57210
2383,PRV53933
2384,PRV56408
2385,PRV52698
2386,PRV51216
2387,PRV55867
2388,PRV53681
2389,PRV56713
2390,PRV56701
2391,PRV51003
2392,PRV51101
2393,PRV57085
2394,PRV57368
2395,PRV53944
2396,PRV51289
2397,PRV55442
2398,PRV55585
2399,PRV54073
2400,PRV54923
2401,PRV56749
2402,PRV53416
2403,PRV53526
2404,PRV51699
2405,PRV57675
2406,PRV57673
2407,PRV51503
2408,PRV56464
2409,PRV55202
2410,PRV55218
2411,PRV52111
2412,PRV56218
2413,PRV55073
2414,PRV54270
2415,PRV54213
2416,PRV56643
2417,PRV56993
2418,PRV55103
2419,PRV54993
2420,PRV53213
2421,PRV53102
2422,PRV56978
2423,PRV56937
2424,PRV53109
2425,PRV51444
2426,PRV53113
2427,PRV53178
2428,PRV57245
2429,PRV56219
2430,PRV56308
2431,PRV54400
2432,PRV53144
2433,PRV53166
2434,PRV54411
2435,PRV57288
2436,PRV53536
2437,PRV52913
2438,PRV55059
2439,PRV56280
2440,PRV56233
2441,PRV56441
2442,PRV56527
2443,PRV52641
2444,PRV53627
2445,PRV52951
2446,PRV56719
2447,PRV57358
2448,PRV54942
2449,PRV51324
2450,PRV51650
2451,PRV51527
2452,PRV56311
2453,PRV51338
2454,PRV51715
2455,PRV54537
2456,PRV56638
2457,PRV51362
2458,PRV56710
2459,PRV55697
2460,PRV53705
2461,PRV56731
2462,PRV53616
2463,PRV53772
2464,PRV51303
2465,PRV52639
2466,PRV53792
2467,PRV53317
2468,PRV56098
2469,PRV57215
2470,PRV53147
2471,PRV53796
2472,PRV57603
2473,PRV51141
2474,PRV51139
2475,PRV52701
2476,PRV56800
2477,PRV52377
2478,PRV56675
2479,PRV54023
2480,PRV55475
2481,PRV55433
2482,PRV56256
2483,PRV51138
2484,PRV52514
2485,PRV53386
2486,PRV53392
2487,PRV51859
2488,PRV54021
2489,PRV56761
2490,PRV57712
2491,PRV53349
2492,PRV51416
2493,PRV52271
2494,PRV53716
2495,PRV53671
2496,PRV57394
2497,PRV57088
2498,PRV54462
2499,PRV51023
2500,PRV51119
2501,PRV51885
2502,PRV52101
2503,PRV54575
2504,PRV53612
2505,PRV54604
2506,PRV54585
2507,PRV54568
2508,PRV56361
2509,PRV51337
2510,PRV56845
2511,PRV52878
2512,PRV52822
2513,PRV51282
2514,PRV51747
2515,PRV57683
2516,PRV52184
2517,PRV57350
2518,PRV52457
2519,PRV51897
2520,PRV51943
2521,PRV52230
2522,PRV53218
2523,PRV56415
2524,PRV53325
2525,PRV56236
2526,PRV51341
2527,PRV55267
2528,PRV51484
2529,PRV51446
2530,PRV57053
2531,PRV53972
2532,PRV52488
2533,PRV52474
2534,PRV53432
2535,PRV51074
2536,PRV52393
2537,PRV57018
2538,PRV54141
2539,PRV55314
2540,PRV55277
2541,PRV55692
2542,PRV52344
2543,PRV55617
2544,PRV53227
2545,PRV57590
2546,PRV57525
2547,PRV51108
2548,PRV51425
2549,PRV55320
2550,PRV52387
2551,PRV52431
2552,PRV52583
2553,PRV51672
2554,PRV51532
2555,PRV51552
2556,PRV53668
2557,PRV56772
2558,PRV57694
2559,PRV56414
2560,PRV57187
2561,PRV56229
2562,PRV52328
2563,PRV53384
2564,PRV52578
2565,PRV52254
2566,PRV52173
2567,PRV54787
2568,PRV56251
2569,PRV52355
2570,PRV54972
2571,PRV57585
2572,PRV57297
2573,PRV51979
2574,PRV54416
2575,PRV54232
2576,PRV53162
2577,PRV53137
2578,PRV57520
2579,PRV51681
2580,PRV54558
2581,PRV54036
2582,PRV56863
2583,PRV56570
2584,PRV56557
2585,PRV57100
2586,PRV57542
2587,PRV54365
2588,PRV57359
2589,PRV51378
2590,PRV52557
2591,PRV52815
2592,PRV51671
2593,PRV55032
2594,PRV51946
2595,PRV56303
2596,PRV55208
2597,PRV55361
2598,PRV51518
2599,PRV54412
2600,PRV54390
2601,PRV51687
2602,PRV54644
2603,PRV57408
2604,PRV53590
2605,PRV53878
2606,PRV56475
2607,PRV56574
2608,PRV56396
2609,PRV51298
2610,PRV57541
2611,PRV54898
2612,PRV57504
2613,PRV52311
2614,PRV52432
2615,PRV51427
2616,PRV51476
2617,PRV57112
2618,PRV56621
2619,PRV55339
2620,PRV55069
2621,PRV56658
2622,PRV51942
2623,PRV52401
2624,PRV51277
2625,PRV55704
2626,PRV55775
2627,PRV55682
2628,PRV51935
2629,PRV51541
2630,PRV51496
2631,PRV51449
2632,PRV56295
2633,PRV55011
2634,PRV55882
2635,PRV57328
2636,PRV57304
2637,PRV54328
2638,PRV54349
2639,PRV54312
2640,PRV56606
2641,PRV57702
2642,PRV56133
2643,PRV53606
2644,PRV57096
2645,PRV51148
2646,PRV54430
2647,PRV54384
2648,PRV55751
2649,PRV57199
2650,PRV56595
2651,PRV56837
2652,PRV51576
2653,PRV56953
2654,PRV57341
2655,PRV51635
2656,PRV51931
2657,PRV51960
2658,PRV53719
2659,PRV55621
2660,PRV55550
2661,PRV57465
2662,PRV57490
2663,PRV57462
2664,PRV53875
2665,PRV53941
2666,PRV51403
2667,PRV54084
2668,PRV53376
2669,PRV53318
2670,PRV56174
2671,PRV53306
2672,PRV53836
2673,PRV54881
2674,PRV51876
2675,PRV52317
2676,PRV54121
2677,PRV54193
2678,PRV55081
2679,PRV51126
2680,PRV54096
2681,PRV54757
2682,PRV53805
2683,PRV54109
2684,PRV54163
2685,PRV55729
2686,PRV55727
2687,PRV57015
2688,PRV55644
2689,PRV54038
2690,PRV54041
2691,PRV54048
2692,PRV54072
2693,PRV52396
2694,PRV56590
2695,PRV56821
2696,PRV57169
2697,PRV56932
2698,PRV55390
2699,PRV51902
2700,PRV51872
2701,PRV55178
2702,PRV51632
2703,PRV55847
2704,PRV52144
2705,PRV55593
2706,PRV55579
2707,PRV51371
2708,PRV52609
2709,PRV52932
2710,PRV54981
2711,PRV51054
2712,PRV55041
2713,PRV52719
2714,PRV52606
2715,PRV52148
2716,PRV56456
2717,PRV54409
2718,PRV51941
2719,PRV55112
2720,PRV54055
2721,PRV54693
2722,PRV55023
2723,PRV53960
2724,PRV53431
2725,PRV53527
2726,PRV54392
2727,PRV54371
2728,PRV54695
2729,PRV55723
2730,PRV52142
2731,PRV54223
2732,PRV57038
2733,PRV57104
2734,PRV52616
2735,PRV53450
2736,PRV52828
2737,PRV57427
2738,PRV56572
2739,PRV54468
2740,PRV57340
2741,PRV51676
2742,PRV55399
2743,PRV56352
2744,PRV53251
2745,PRV51647
2746,PRV53665
2747,PRV51395
2748,PRV55443
2749,PRV54773
2750,PRV55897
2751,PRV53421
2752,PRV56798
2753,PRV57128
2754,PRV55114
2755,PRV54931
2756,PRV54377
2757,PRV52326
2758,PRV52280
2759,PRV53057
2760,PRV54285
2761,PRV54058
2762,PRV57309
2763,PRV55079
2764,PRV53732
2765,PRV53868
2766,PRV51007
2767,PRV54317
2768,PRV55295
2769,PRV51267
2770,PRV52008
2771,PRV52391
2772,PRV56063
2773,PRV51613
2774,PRV51553
2775,PRV51026
2776,PRV52996
2777,PRV54618
2778,PRV52048
2779,PRV53522
2780,PRV53429
2781,PRV54210
2782,PRV57717
2783,PRV53448
2784,PRV52410
2785,PRV52275
2786,PRV52187
2787,PRV52533
2788,PRV54246
2789,PRV54278
2790,PRV52542
2791,PRV53445
2792,PRV57136
2793,PRV51894
2794,PRV52162
2795,PRV55664
2796,PRV55658
2797,PRV56765
2798,PRV53597
2799,PRV52160
2800,PRV57548
2801,PRV51540
2802,PRV51723
2803,PRV51076
2804,PRV53728
2805,PRV57176
2806,PRV57025
2807,PRV53837
2808,PRV52863
2809,PRV51781
2810,PRV57233
2811,PRV57186
2812,PRV56392
2813,PRV51729
2814,PRV53124
2815,PRV55508
2816,PRV57763
2817,PRV53714
2818,PRV57225
2819,PRV53589
2820,PRV56605
2821,PRV53906
2822,PRV57476
2823,PRV52272
2824,PRV51865
2825,PRV56232
2826,PRV56949
2827,PRV57351
2828,PRV56941
2829,PRV54642
2830,PRV55513
2831,PRV51697
2832,PRV54542
2833,PRV57390
2834,PRV57403
2835,PRV56495
2836,PRV52838
2837,PRV56299
2838,PRV51753
2839,PRV51440
2840,PRV52850
2841,PRV55426
2842,PRV56935
2843,PRV51555
2844,PRV51620
2845,PRV57282
2846,PRV57269
2847,PRV56108
2848,PRV56109
2849,PRV54407
2850,PRV56674
2851,PRV55983
2852,PRV51972
2853,PRV52358
2854,PRV53149
2855,PRV53187
2856,PRV57426
2857,PRV56783
2858,PRV57584
2859,PRV54110
2860,PRV51455
2861,PRV54932
2862,PRV51014
2863,PRV53407
2864,PRV56816
2865,PRV53814
2866,PRV55285
2867,PRV56535
2868,PRV56889
2869,PRV52472
2870,PRV53292
2871,PRV54526
2872,PRV57154
2873,PRV55255
2874,PRV52926
2875,PRV51131
2876,PRV53090
2877,PRV55448
2878,PRV53550
2879,PRV55554
2880,PRV54768
2881,PRV53054
2882,PRV53081
2883,PRV54691
2884,PRV52789
2885,PRV57500
2886,PRV53726
2887,PRV54362
2888,PRV52214
2889,PRV52222
2890,PRV55931
2891,PRV55936
2892,PRV57227
2893,PRV54306
2894,PRV54254
2895,PRV53016
2896,PRV56999
2897,PRV57021
2898,PRV54891
2899,PRV51608
2900,PRV51398
2901,PRV55200
2902,PRV55901
2903,PRV52175
2904,PRV52417
2905,PRV53715
2906,PRV57127
2907,PRV51323
2908,PRV52371
2909,PRV56866
2910,PRV52188
2911,PRV56049
2912,PRV53694
2913,PRV55632
2914,PRV55595
2915,PRV55561
2916,PRV53309
2917,PRV52921
2918,PRV52898
2919,PRV51611
2920,PRV57361
2921,PRV52509
2922,PRV55383
2923,PRV52262
2924,PRV54819
2925,PRV57223
2926,PRV52354
2927,PRV53096
2928,PRV52818
2929,PRV53780
2930,PRV51586
2931,PRV56793
2932,PRV57240
2933,PRV54677
2934,PRV53031
2935,PRV57643
2936,PRV55739
2937,PRV56997
2938,PRV53028
2939,PRV53136
2940,PRV57198
2941,PRV54212
2942,PRV54437
2943,PRV57048
2944,PRV52392
2945,PRV55858
2946,PRV57729
2947,PRV55324
2948,PRV55360
2949,PRV51562
2950,PRV56348
2951,PRV51891
2952,PRV52176
2953,PRV55096
2954,PRV51015
2955,PRV51117
2956,PRV52886
2957,PRV55016
2958,PRV52242
2959,PRV54852
2960,PRV54830
2961,PRV52971
2962,PRV53257
2963,PRV53377
2964,PRV52839
2965,PRV52929
2966,PRV54916
2967,PRV54259
2968,PRV51864
2969,PRV56453
2970,PRV52306
2971,PRV57531
2972,PRV57441
2973,PRV52876
2974,PRV57627
2975,PRV57474
2976,PRV57411
2977,PRV55566
2978,PRV53549
2979,PRV53669
2980,PRV56732
2981,PRV56982
2982,PRV56428
2983,PRV52865
2984,PRV57533
2985,PRV52919
2986,PRV56869
2987,PRV55062
2988,PRV52011
2989,PRV51693
2990,PRV51789
2991,PRV51741
2992,PRV55242
2993,PRV51936
2994,PRV55549
2995,PRV54252
2996,PRV56458
2997,PRV56482
2998,PRV52434
2999,PRV51302
3000,PRV51251
3001,PRV54785
3002,PRV53009
3003,PRV53047
3004,PRV55582
3005,PRV52155
3006,PRV55558
3007,PRV55876
3008,PRV57162
3009,PRV52052
3010,PRV57409
3011,PRV57413
3012,PRV56349
3013,PRV52456
3014,PRV52252
3015,PRV55173
3016,PRV52989
3017,PRV56656
3018,PRV56784
3019,PRV56487
3020,PRV56041
3021,PRV53722
3022,PRV54176
3023,PRV57578
3024,PRV53519
3025,PRV51458
3026,PRV54692
3027,PRV53788
3028,PRV52647
3029,PRV51212
3030,PRV52580
3031,PRV53560
3032,PRV52787
3033,PRV55680
3034,PRV54421
3035,PRV54118
3036,PRV56700
3037,PRV55590
3038,PRV55145
3039,PRV56515
3040,PRV55258
3041,PRV56981
3042,PRV57030
3043,PRV51983
3044,PRV56753
3045,PRV54175
3046,PRV55900
3047,PRV56626
3048,PRV53652
3049,PRV57244
3050,PRV57250
3051,PRV55555
3052,PRV52302
3053,PRV57356
3054,PRV56031
3055,PRV57580
3056,PRV52831
3057,PRV55191
3058,PRV54433
3059,PRV54393
3060,PRV52427
3061,PRV57124
3062,PRV51352
3063,PRV55424
3064,PRV53648
3065,PRV53647
3066,PRV53644
3067,PRV57760
3068,PRV51200
3069,PRV54845
3070,PRV52228
3071,PRV52278
3072,PRV57157
3073,PRV53896
3074,PRV53938
3075,PRV54004
3076,PRV55710
3077,PRV52673
3078,PRV54077
3079,PRV54114
3080,PRV55024
3081,PRV53842
3082,PRV54901
3083,PRV51533
3084,PRV52706
3085,PRV54657
3086,PRV52291
3087,PRV55914
3088,PRV53230
3089,PRV51396
3090,PRV51898
3091,PRV53281
3092,PRV55580
3093,PRV53622
3094,PRV56987
3095,PRV57092
3096,PRV56964
3097,PRV56653
3098,PRV56054
3099,PRV54637
3100,PRV56176
3101,PRV51210
3102,PRV53943
3103,PRV55225
3104,PRV51639
3105,PRV57424
3106,PRV57445
3107,PRV55341
3108,PRV53040
3109,PRV57477
3110,PRV57484
3111,PRV57517
3112,PRV53268
3113,PRV56553
3114,PRV55260
3115,PRV57443
3116,PRV57447
3117,PRV54452
3118,PRV53801
3119,PRV57188
3120,PRV53864
3121,PRV55093
3122,PRV51668
3123,PRV51361
3124,PRV52211
3125,PRV57329
3126,PRV53729
3127,PRV55779
3128,PRV52436
3129,PRV55499
3130,PRV55329
3131,PRV56963
3132,PRV56682
3133,PRV56596
3134,PRV52743
3135,PRV52676
3136,PRV53452
3137,PRV56585
3138,PRV55441
3139,PRV53654
3140,PRV53657
3141,PRV52914
3142,PRV54798
3143,PRV51225
3144,PRV51239
3145,PRV56839
3146,PRV52404
3147,PRV53983
3148,PRV54582
3149,PRV52510
3150,PRV55007
3151,PRV55401
3152,PRV57052
3153,PRV56394
3154,PRV55726
3155,PRV54988
3156,PRV51818
3157,PRV51595
3158,PRV56536
3159,PRV56480
3160,PRV55197
3161,PRV55259
3162,PRV56156
3163,PRV56141
3164,PRV56186
3165,PRV53585
3166,PRV55417
3167,PRV51397
3168,PRV54316
3169,PRV54276
3170,PRV54274
3171,PRV56322
3172,PRV56551
3173,PRV53288
3174,PRV56423
3175,PRV51123
3176,PRV51134
3177,PRV51313
3178,PRV52582
3179,PRV54538
3180,PRV54535
3181,PRV51840
3182,PRV57385
3183,PRV56529
3184,PRV56463
3185,PRV52768
3186,PRV54945
3187,PRV57002
3188,PRV55970
3189,PRV53611
3190,PRV52553
3191,PRV52390
3192,PRV51376
3193,PRV57569
3194,PRV55121
3195,PRV51382
3196,PRV51602
3197,PRV51765
3198,PRV56166
3199,PRV54396
3200,PRV54061
3201,PRV54024
3202,PRV52864
3203,PRV53510
3204,PRV53594
3205,PRV53841
3206,PRV53757
3207,PRV54158
3208,PRV52004
3209,PRV52288
3210,PRV56172
3211,PRV52691
3212,PRV51870
3213,PRV53985
3214,PRV57636
3215,PRV52028
3216,PRV53456
3217,PRV56688
3218,PRV54925
3219,PRV52717
3220,PRV55268
3221,PRV52459
3222,PRV51869
3223,PRV54603
3224,PRV53008
3225,PRV56485
3226,PRV55351
3227,PRV55266
3228,PRV55480
3229,PRV56451
3230,PRV54529
3231,PRV54129
3232,PRV51529
3233,PRV51947
3234,PRV52284
3235,PRV52251
3236,PRV57479
3237,PRV57454
3238,PRV54194
3239,PRV54999
3240,PRV55589
3241,PRV52742
3242,PRV55612
3243,PRV52830
3244,PRV53767
3245,PRV53855
3246,PRV57507
3247,PRV56306
3248,PRV55609
3249,PRV57577
3250,PRV54106
3251,PRV55408
3252,PRV57334
3253,PRV57631
3254,PRV56121
3255,PRV55413
3256,PRV55397
3257,PRV54735
3258,PRV54828
3259,PRV57551
3260,PRV53391
3261,PRV53844
3262,PRV52727
3263,PRV51147
3264,PRV54266
3265,PRV54361
3266,PRV55316
3267,PRV51645
3268,PRV51483
3269,PRV52478
3270,PRV54935
3271,PRV55296
3272,PRV57293
3273,PRV56329
3274,PRV56669
3275,PRV57514
3276,PRV56773
3277,PRV57573
3278,PRV51118
3279,PRV54136
3280,PRV54131
3281,PRV57118
3282,PRV57126
3283,PRV57134
3284,PRV56123
3285,PRV54947
3286,PRV54224
3287,PRV54000
3288,PRV53935
3289,PRV53916
3290,PRV53437
3291,PRV54226
3292,PRV54227
3293,PRV53901
3294,PRV56374
3295,PRV53626
3296,PRV55926
3297,PRV51044
3298,PRV52820
3299,PRV57592
3300,PRV54030
3301,PRV57651
3302,PRV51551
3303,PRV56942
3304,PRV52724
3305,PRV52670
3306,PRV56116
3307,PRV56956
3308,PRV53307
3309,PRV56378
3310,PRV57536
3311,PRV54730
3312,PRV53632
3313,PRV54063
3314,PRV56829
3315,PRV57751
3316,PRV54838
3317,PRV57023
3318,PRV57010
3319,PRV53746
3320,PRV53703
3321,PRV52554
3322,PRV51467
3323,PRV53224
3324,PRV53704
3325,PRV56129
3326,PRV56895
3327,PRV57183
3328,PRV55120
3329,PRV53415
3330,PRV53455
3331,PRV53829
3332,PRV53994
3333,PRV57415
3334,PRV52118
3335,PRV56504
3336,PRV51762
3337,PRV51601
3338,PRV56376
3339,PRV53215
3340,PRV57436
3341,PRV57723
3342,PRV56809
3343,PRV55871
3344,PRV54102
3345,PRV53494
3346,PRV54612
3347,PRV51771
3348,PRV56811
3349,PRV55800
3350,PRV53140
3351,PRV56639
3352,PRV52419
3353,PRV54909
3354,PRV56696
3355,PRV57372
3356,PRV57730
3357,PRV52552
3358,PRV54784
3359,PRV52136
3360,PRV51879
3361,PRV54283
3362,PRV54943
3363,PRV56775
3364,PRV52039
3365,PRV56007
3366,PRV57266
3367,PRV57364
3368,PRV55569
3369,PRV55152
3370,PRV57400
3371,PRV53370
3372,PRV56510
3373,PRV54154
3374,PRV53524
3375,PRV52491
3376,PRV52232
3377,PRV54737
3378,PRV53399
3379,PRV52813
3380,PRV55940
3381,PRV51414
3382,PRV54489
3383,PRV52335
3384,PRV55620
3385,PRV54284
3386,PRV53815
3387,PRV56589
3388,PRV51515
3389,PRV54303
3390,PRV56930
3391,PRV53593
3392,PRV53402
3393,PRV53129
3394,PRV51066
3395,PRV55980
3396,PRV53361
3397,PRV56583
3398,PRV55618
3399,PRV52513
3400,PRV56272
3401,PRV56330
3402,PRV51475
3403,PRV53021
3404,PRV57613
3405,PRV56980
3406,PRV56928
3407,PRV54203
3408,PRV57553
3409,PRV57630
3410,PRV57739
3411,PRV54976
3412,PRV52662
3413,PRV52713
3414,PRV54353
3415,PRV51665
3416,PRV54310
3417,PRV54155
3418,PRV57062
3419,PRV53403
3420,PRV52879
3421,PRV54728
3422,PRV53888
3423,PRV54992
3424,PRV54086
3425,PRV53208
3426,PRV53226
3427,PRV53233
3428,PRV56523
3429,PRV51713
3430,PRV51967
3431,PRV52938
3432,PRV55085
3433,PRV55796
3434,PRV57285
3435,PRV56720
3436,PRV55031
3437,PRV55660
3438,PRV52412
3439,PRV52411
3440,PRV52026
3441,PRV51764
3442,PRV57460
3443,PRV56991
3444,PRV56183
3445,PRV51052
3446,PRV54343
3447,PRV55337
3448,PRV55650
3449,PRV51240
3450,PRV52761
3451,PRV51738
3452,PRV51502
3453,PRV56885
3454,PRV52564
3455,PRV51012
3456,PRV53460
3457,PRV54576
3458,PRV51175
3459,PRV53489
3460,PRV57469
3461,PRV53389
3462,PRV52882
3463,PRV57688
3464,PRV53066
3465,PRV54059
3466,PRV56881
3467,PRV53756
3468,PRV54821
3469,PRV51408
3470,PRV55891
3471,PRV52422
3472,PRV56159
3473,PRV55707
3474,PRV53761
3475,PRV56105
3476,PRV54832
3477,PRV54269
3478,PRV54305
3479,PRV57456
3480,PRV51494
3481,PRV56023
3482,PRV55939
3483,PRV55132
3484,PRV51916
3485,PRV55797
3486,PRV54140
3487,PRV54062
3488,PRV54623
3489,PRV55302
3490,PRV56305
3491,PRV51032
3492,PRV53663
3493,PRV57184
3494,PRV55350
3495,PRV55436
3496,PRV57610
3497,PRV52912
3498,PRV52910
3499,PRV53024
3500,PRV53048
3501,PRV55193
3502,PRV52530
3503,PRV52541
3504,PRV57689
3505,PRV54198
3506,PRV57099
3507,PRV54025
3508,PRV51546
3509,PRV51821
3510,PRV55575
3511,PRV53690
3512,PRV56113
3513,PRV52714
3514,PRV52202
3515,PRV51652
3516,PRV51779
3517,PRV51214
3518,PRV55449
3519,PRV56057
3520,PRV55271
3521,PRV54017
3522,PRV52047
3523,PRV51566
3524,PRV56711
3525,PRV52740
3526,PRV57650
3527,PRV53465
3528,PRV55155
3529,PRV57748
3530,PRV56742
3531,PRV52958
3532,PRV55111
3533,PRV56896
3534,PRV53558
3535,PRV51201
3536,PRV54672
3537,PRV54646
3538,PRV55501
3539,PRV55851
3540,PRV56095
3541,PRV54848
3542,PRV55904
3543,PRV57714
3544,PRV54643
3545,PRV51886
3546,PRV57181
3547,PRV53451
3548,PRV53851
3549,PRV52532
3550,PRV52199
3551,PRV54171
3552,PRV52240
3553,PRV55638
3554,PRV54548
3555,PRV54547
3556,PRV57757
3557,PRV54555
3558,PRV56471
3559,PRV55608
3560,PRV55364
3561,PRV52922
3562,PRV54687
3563,PRV56048
3564,PRV54471
3565,PRV54465
3566,PRV55551
3567,PRV56893
3568,PRV54150
3569,PRV53067
3570,PRV54795
3571,PRV51773
3572,PRV54168
3573,PRV56861
3574,PRV56258
3575,PRV51712
3576,PRV52010
3577,PRV57232
3578,PRV56073
3579,PRV54968
3580,PRV54052
3581,PRV55166
3582,PRV57534
3583,PRV56778
3584,PRV54759
3585,PRV54591
3586,PRV54235
3587,PRV56380
3588,PRV56801
3589,PRV56622
3590,PRV57013
3591,PRV57489
3592,PRV57257
3593,PRV53989
3594,PRV55451
3595,PRV52081
3596,PRV55625
3597,PRV51963
3598,PRV51969
3599,PRV52213
3600,PRV52143
3601,PRV56879
3602,PRV51152
3603,PRV54001
3604,PRV54222
3605,PRV51718
3606,PRV54253
3607,PRV53026
3608,PRV52179
3609,PRV56929
3610,PRV53436
3611,PRV53397
3612,PRV53018
3613,PRV56017
3614,PRV54902
3615,PRV55098
3616,PRV51861
3617,PRV51924
3618,PRV56563
3619,PRV51656
3620,PRV55374
3621,PRV57196
3622,PRV57705
3623,PRV53857
3624,PRV52823
3625,PRV55807
3626,PRV55774
3627,PRV54714
3628,PRV51725
3629,PRV57733
3630,PRV57326
3631,PRV57357
3632,PRV53015
3633,PRV52506
3634,PRV55769
3635,PRV57144
3636,PRV54554
3637,PRV55724
3638,PRV52216
3639,PRV52868
3640,PRV52832
3641,PRV55070
3642,PRV55574
3643,PRV51862
3644,PRV56715
3645,PRV52319
3646,PRV54117
3647,PRV56635
3648,PRV53867
3649,PRV56185
3650,PRV57194
3651,PRV53116
3652,PRV55770
3653,PRV51927
3654,PRV51230
3655,PRV57687
3656,PRV53471
3657,PRV53544
3658,PRV56970
3659,PRV51438
3660,PRV51469
3661,PRV54309
3662,PRV54313
3663,PRV56032
3664,PRV57728
3665,PRV53607
3666,PRV57706
3667,PRV51047
3668,PRV56134
3669,PRV51191
3670,PRV51194
3671,PRV57102
3672,PRV57011
3673,PRV56767
3674,PRV51754
3675,PRV54889
3676,PRV55150
3677,PRV53203
3678,PRV53150
3679,PRV55635
3680,PRV53337
3681,PRV56960
3682,PRV55720
3683,PRV52545
3684,PRV55826
3685,PRV51292
3686,PRV53164
3687,PRV56333
3688,PRV56547
3689,PRV57107
3690,PRV51437
3691,PRV52461
3692,PRV57276
3693,PRV55318
3694,PRV51130
3695,PRV55176
3696,PRV56755
3697,PRV51259
3698,PRV57330
3699,PRV56118
3700,PRV51909
3701,PRV56027
3702,PRV53577
3703,PRV52105
3704,PRV54792
3705,PRV57743
3706,PRV51763
3707,PRV53556
3708,PRV55950
3709,PRV52296
3710,PRV55795
3711,PRV51965
3712,PRV53821
3713,PRV56581
3714,PRV54415
3715,PRV53820
3716,PRV54448
3717,PRV52931
3718,PRV52979
3719,PRV56146
3720,PRV56142
3721,PRV53899
3722,PRV56071
3723,PRV56125
3724,PRV56201
3725,PRV56135
3726,PRV52454
3727,PRV51311
3728,PRV52418
3729,PRV53221
3730,PRV55372
3731,PRV55365
3732,PRV52294
3733,PRV53004
3734,PRV54571
3735,PRV54389
3736,PRV57419
3737,PRV57639
3738,PRV54375
3739,PRV57139
3740,PRV54990
3741,PRV56357
3742,PRV56291
3743,PRV52490
3744,PRV51746
3745,PRV57302
3746,PRV52937
3747,PRV55945
3748,PRV55700
3749,PRV51048
3750,PRV54166
3751,PRV51612
3752,PRV56184
3753,PRV55080
3754,PRV51877
3755,PRV54358
3756,PRV54472
3757,PRV56068
3758,PRV54008
3759,PRV53063
3760,PRV56502
3761,PRV56474
3762,PRV56907
3763,PRV54611
3764,PRV51792
3765,PRV53845
3766,PRV57146
3767,PRV54552
3768,PRV54551
3769,PRV55714
3770,PRV53428
3771,PRV53487
3772,PRV53419
3773,PRV55740
3774,PRV54016
3775,PRV52795
3776,PRV52667
3777,PRV56614
3778,PRV51071
3779,PRV55352
3780,PRV52492
3781,PRV54122
3782,PRV51470
3783,PRV51796
3784,PRV51908
3785,PRV53641
3786,PRV54860
3787,PRV54414
3788,PRV51910
3789,PRV51829
3790,PRV53019
3791,PRV53680
3792,PRV52468
3793,PRV52748
3794,PRV52416
3795,PRV57759
3796,PRV57235
3797,PRV51843
3798,PRV54598
3799,PRV55982
3800,PRV57369
3801,PRV53696
3802,PRV53919
3803,PRV56490
3804,PRV54460
3805,PRV56802
3806,PRV51644
3807,PRV51549
3808,PRV51327
3809,PRV57583
3810,PRV52267
3811,PRV52241
3812,PRV52007
3813,PRV54997
3814,PRV52191
3815,PRV57453
3816,PRV54878
3817,PRV56974
3818,PRV56187
3819,PRV56157
3820,PRV53827
3821,PRV52851
3822,PRV51203
3823,PRV53331
3824,PRV53138
3825,PRV51318
3826,PRV56762
3827,PRV56852
3828,PRV53846
3829,PRV57647
3830,PRV51956
3831,PRV56705
3832,PRV51572
3833,PRV53390
3834,PRV55402
3835,PRV56640
3836,PRV57017
3837,PRV55097
3838,PRV56086
3839,PRV52755
3840,PRV52711
3841,PRV52708
3842,PRV54590
3843,PRV51710
3844,PRV51801
3845,PRV53135
3846,PRV51793
3847,PRV52528
3848,PRV52512
3849,PRV55530
3850,PRV53323
3851,PRV52433
3852,PRV53752
3853,PRV56664
3854,PRV56892
3855,PRV52451
3856,PRV52466
3857,PRV57047
3858,PRV53454
3859,PRV53205
3860,PRV55805
3861,PRV51707
3862,PRV55511
3863,PRV55547
3864,PRV52437
3865,PRV56358
3866,PRV56276
3867,PRV57446
3868,PRV57416
3869,PRV52220
3870,PRV55528
3871,PRV56181
3872,PRV53798
3873,PRV54413
3874,PRV53189
3875,PRV51802
3876,PRV56385
3877,PRV55273
3878,PRV56346
3879,PRV51926
3880,PRV51921
3881,PRV52504
3882,PRV51709
3883,PRV52385
3884,PRV56034
3885,PRV52940
3886,PRV51065
3887,PRV55808
3888,PRV51110
3889,PRV51305
3890,PRV55762
3891,PRV54877
3892,PRV55915
3893,PRV51435
3894,PRV55345
3895,PRV55244
3896,PRV52848
3897,PRV55974
3898,PRV52255
3899,PRV57463
3900,PRV51090
3901,PRV54593
3902,PRV52480
3903,PRV52720
3904,PRV57432
3905,PRV53177
3906,PRV55666
3907,PRV51627
3908,PRV52088
3909,PRV56858
3910,PRV57564
3911,PRV56026
3912,PRV51531
3913,PRV53134
3914,PRV51609
3915,PRV52265
3916,PRV53413
3917,PRV56857
3918,PRV56632
3919,PRV53988
3920,PRV51368
3921,PRV56427
3922,PRV54701
3923,PRV56931
3924,PRV51970
3925,PRV57638
3926,PRV51827
3927,PRV57275
3928,PRV54005
3929,PRV57165
3930,PRV54134
3931,PRV55289
3932,PRV51920
3933,PRV51497
3934,PRV51899
3935,PRV51923
3936,PRV51915
3937,PRV53877
3938,PRV54802
3939,PRV55671
3940,PRV56136
3941,PRV52875
3942,PRV53201
3943,PRV56971
3944,PRV57741
3945,PRV56862
3946,PRV57581
3947,PRV55863
3948,PRV51766
3949,PRV56888
3950,PRV51580
3951,PRV55375
3952,PRV54720
3953,PRV57634
3954,PRV54697
3955,PRV53101
3956,PRV53108
3957,PRV57437
3958,PRV54298
3959,PRV57056
3960,PRV57754
3961,PRV53202
3962,PRV54809
3963,PRV55670
3964,PRV53055
3965,PRV54180
3966,PRV56818
3967,PRV53232
3968,PRV53126
3969,PRV53114
3970,PRV53188
3971,PRV56489
3972,PRV57086
3973,PRV57251
3974,PRV51780
3975,PRV57295
3976,PRV56066
3977,PRV56897
3978,PRV52778
3979,PRV53498
3980,PRV53928
3981,PRV55560
3982,PRV57137
3983,PRV56603
3984,PRV56916
3985,PRV56062
3986,PRV57138
3987,PRV52529
3988,PRV53832
3989,PRV52658
3990,PRV53946
3991,PRV53562
3992,PRV56300
3993,PRV57278
3994,PRV51363
3995,PRV55498
3996,PRV55472
3997,PRV53469
3998,PRV57133
3999,PRV53462
4000,PRV56173
4001,PRV53848
4002,PRV52476
4003,PRV54029
4004,PRV55299
4005,PRV52793
4006,PRV53293
4007,PRV56190
4008,PRV56149
4009,PRV51958
4010,PRV56507
4011,PRV57657
4012,PRV54153
4013,PRV54037
4014,PRV53947
4015,PRV51846
4016,PRV52219
4017,PRV54699
4018,PRV55456
4019,PRV53754
4020,PRV51776
4021,PRV55473
4022,PRV55626
4023,PRV51732
4024,PRV51314
4025,PRV51625
4026,PRV56285
4027,PRV54027
4028,PRV56389
4029,PRV53347
4030,PRV51258
4031,PRV57481
4032,PRV56147
4033,PRV56170
4034,PRV56752
4035,PRV53771
4036,PRV54680
4037,PRV51505
4038,PRV53604
4039,PRV51917
4040,PRV53565
4041,PRV53412
4042,PRV53598
4043,PRV53482
4044,PRV55663
4045,PRV53340
4046,PRV56919
4047,PRV52493
4048,PRV57629
4049,PRV54713
4050,PRV57640
4051,PRV53409
4052,PRV53433
4053,PRV57626
4054,PRV57617
4055,PRV55754
4056,PRV55712
4057,PRV56055
4058,PRV51795
4059,PRV51736
4060,PRV54869
4061,PRV51682
4062,PRV51181
4063,PRV53457
4064,PRV55458
4065,PRV54841
4066,PRV55135
4067,PRV51621
4068,PRV54403
4069,PRV55742
4070,PRV54619
4071,PRV55412
4072,PRV55432
4073,PRV55565
4074,PRV55601
4075,PRV57417
4076,PRV54068
4077,PRV56882
4078,PRV57261
4079,PRV54883
4080,PRV51698
4081,PRV51824
4082,PRV54873
4083,PRV54639
4084,PRV52825
4085,PRV53531
4086,PRV53595
4087,PRV57435
4088,PRV52689
4089,PRV57615
4090,PRV57594
4091,PRV53651
4092,PRV51758
4093,PRV56403
4094,PRV57397
4095,PRV52709
4096,PRV54461
4097,PRV55759
4098,PRV54173
4099,PRV53492
4100,PRV57421
4101,PRV51914
4102,PRV56867
4103,PRV57711
4104,PRV52225
4105,PRV55880
4106,PRV54380
4107,PRV52880
4108,PRV56277
4109,PRV56092
4110,PRV51243
4111,PRV51895
4112,PRV55887
4113,PRV56934
4114,PRV57073
4115,PRV56163
4116,PRV52460
4117,PRV56199
4118,PRV52934
4119,PRV56102
4120,PRV51462
4121,PRV55519
4122,PRV52440
4123,PRV52171
4124,PRV52205
4125,PRV51999
4126,PRV54929
4127,PRV53571
4128,PRV55509
4129,PRV54717
4130,PRV54451
4131,PRV56687
4132,PRV57247
4133,PRV56750
4134,PRV54019
4135,PRV57256
4136,PRV52555
4137,PRV52963
4138,PRV53070
4139,PRV57488
4140,PRV56723
4141,PRV56948
4142,PRV57616
4143,PRV57399
4144,PRV52775
4145,PRV52217
4146,PRV52783
4147,PRV53733
4148,PRV54726
4149,PRV51322
4150,PRV54002
4151,PRV56759
4152,PRV56805
4153,PRV55684
4154,PRV51224
4155,PRV55786
4156,PRV55883
4157,PRV56003
4158,PRV55044
4159,PRV52699
4160,PRV54543
4161,PRV51451
4162,PRV55753
4163,PRV55674
4164,PRV54491
4165,PRV57459
4166,PRV53486
4167,PRV55468
4168,PRV56468
4169,PRV51024
4170,PRV56318
4171,PRV52703
4172,PRV51919
4173,PRV52253
4174,PRV54886
4175,PRV56065
4176,PRV51922
4177,PRV53167
4178,PRV51453
4179,PRV51454
4180,PRV53029
4181,PRV53025
4182,PRV51219
4183,PRV53995
4184,PRV51563
4185,PRV54200
4186,PRV56512
4187,PRV54432
4188,PRV51807
4189,PRV53131
4190,PRV55236
4191,PRV52285
4192,PRV56992
4193,PRV53362
4194,PRV51412
4195,PRV53220
4196,PRV53182
4197,PRV53095
4198,PRV53564
4199,PRV53474
4200,PRV51206
4201,PRV56496
4202,PRV53354
4203,PRV54481
4204,PRV57727
4205,PRV52415
4206,PRV51823
4207,PRV53659
4208,PRV54202
4209,PRV57671
4210,PRV56511
4211,PRV53496
4212,PRV52408
4213,PRV56734
4214,PRV56717
4215,PRV51878
4216,PRV51392
4217,PRV55606
4218,PRV57284
4219,PRV54459
4220,PRV56171
4221,PRV52728
4222,PRV51906
4223,PRV55953
4224,PRV55691
4225,PRV55750
4226,PRV52891
4227,PRV57041
4228,PRV55409
4229,PRV55588
4230,PRV52627
4231,PRV53952
4232,PRV51784
4233,PRV55964
4234,PRV51564
4235,PRV55506
4236,PRV53069
4237,PRV55149
4238,PRV51721
4239,PRV51096
4240,PRV54496
4241,PRV56533
4242,PRV51558
4243,PRV52610
4244,PRV56309
4245,PRV55570
4246,PRV52918
4247,PRV57367
4248,PRV53176
4249,PRV57720
4250,PRV52681
4251,PRV53128
4252,PRV51477
4253,PRV51640
4254,PRV52721
4255,PRV55678
4256,PRV52380
4257,PRV53530
4258,PRV57475
4259,PRV51820
4260,PRV57378
4261,PRV57375
4262,PRV51755
4263,PRV53745
4264,PRV54718
4265,PRV57680
4266,PRV55813
4267,PRV51674
4268,PRV56052
4269,PRV56037
4270,PRV57203
4271,PRV53850
4272,PRV56364
4273,PRV52473
4274,PRV56366
4275,PRV55136
4276,PRV52668
4277,PRV51692
4278,PRV55804
4279,PRV52771
4280,PRV51078
4281,PRV55035
4282,PRV54656
4283,PRV55812
4284,PRV54616
4285,PRV55928
4286,PRV52218
4287,PRV53840
4288,PRV55583
4289,PRV55379
4290,PRV52752
4291,PRV53143
4292,PRV52248
4293,PRV57487
4294,PRV57105
4295,PRV54162
4296,PRV57704
4297,PRV56990
4298,PRV54599
4299,PRV56519
4300,PRV55395
4301,PRV54185
4302,PRV56158
4303,PRV52993
4304,PRV56887
4305,PRV52544
4306,PRV52751
4307,PRV55123
4308,PRV57567
4309,PRV54865
4310,PRV53551
4311,PRV54760
4312,PRV56321
4313,PRV52622
4314,PRV53379
4315,PRV54666
4316,PRV51918
4317,PRV55925
4318,PRV55991
4319,PRV56728
4320,PRV56691
4321,PRV54836
4322,PRV51618
4323,PRV57145
4324,PRV51306
4325,PRV55619
4326,PRV51328
4327,PRV53153
4328,PRV57546
4329,PRV53223
4330,PRV56016
4331,PRV54352
4332,PRV53148
4333,PRV57308
4334,PRV51207
4335,PRV55140
4336,PRV55639
4337,PRV51582
4338,PRV57270
4339,PRV51702
4340,PRV51215
4341,PRV57054
4342,PRV56080
4343,PRV54483
4344,PRV54490
4345,PRV51511
4346,PRV53075
4347,PRV53475
4348,PRV54040
4349,PRV56314
4350,PRV53835
4351,PRV52747
4352,PRV52774
4353,PRV53344
4354,PRV53314
4355,PRV54601
4356,PRV57058
4357,PRV56850
4358,PRV56846
4359,PRV55306
4360,PRV56220
4361,PRV52764
4362,PRV53163
4363,PRV54509
4364,PRV54505
4365,PRV56884
4366,PRV52102
4367,PRV51585
4368,PRV56571
4369,PRV56886
4370,PRV53721
4371,PRV56094
4372,PRV52535
4373,PRV54480
4374,PRV51526
4375,PRV53502
4376,PRV54624
4377,PRV53207
4378,PRV53926
4379,PRV55292
4380,PRV52833
4381,PRV57355
4382,PRV51057
4383,PRV53380
4384,PRV53860
4385,PRV57736
4386,PRV57516
4387,PRV53334
4388,PRV56217
4389,PRV55404
4390,PRV51016
4391,PRV55419
4392,PRV52855
4393,PRV57289
4394,PRV54863
4395,PRV52189
4396,PRV56194
4397,PRV56177
4398,PRV56933
4399,PRV56947
4400,PRV54149
4401,PRV52185
4402,PRV56189
4403,PRV53237
4404,PRV54903
4405,PRV55573
4406,PRV53290
4407,PRV56093
4408,PRV51966
4409,PRV51995
4410,PRV54457
4411,PRV56282
4412,PRV53427
4413,PRV51234
4414,PRV56290
4415,PRV56831
4416,PRV54608
4417,PRV53254
4418,PRV54164
4419,PRV56101
4420,PRV53865
4421,PRV55772
4422,PRV51309
4423,PRV56130
4424,PRV53249
4425,PRV52075
4426,PRV53553
4427,PRV55699
4428,PRV51226
4429,PRV56317
4430,PRV57669
4431,PRV53545
4432,PRV56498
4433,PRV53476
4434,PRV51720
4435,PRV53516
4436,PRV55137
4437,PRV51769
4438,PRV52024
4439,PRV57069
4440,PRV57755
4441,PRV52766
4442,PRV52796
4443,PRV52696
4444,PRV54528
4445,PRV54132
4446,PRV56126
4447,PRV51655
4448,PRV57662
4449,PRV56894
4450,PRV51719
4451,PRV54026
4452,PRV51952
4453,PRV57290
4454,PRV52615
4455,PRV56227
4456,PRV55124
4457,PRV55634
4458,PRV52292
4459,PRV53375
4460,PRV53480
4461,PRV54289
4462,PRV51767
4463,PRV53017
4464,PRV51102
4465,PRV54629
4466,PRV53037
4467,PRV54625
4468,PRV56153
4469,PRV53393
4470,PRV51642
4471,PRV57248
4472,PRV51588
4473,PRV51822
4474,PRV54469
4475,PRV53360
4476,PRV54044
4477,PRV53563
4478,PRV55141
4479,PRV55157
4480,PRV56214
4481,PRV51135
4482,PRV57291
4483,PRV56860
4484,PRV56906
4485,PRV55906
4486,PRV57570
4487,PRV52350
4488,PRV54805
4489,PRV52263
4490,PRV52790
4491,PRV57588
4492,PRV55486
4493,PRV51896
4494,PRV56274
4495,PRV54145
4496,PRV52911
4497,PRV52378
4498,PRV56476
4499,PRV54827
4500,PRV54870
4501,PRV55540
4502,PRV52273
4503,PRV51055
4504,PRV56843
4505,PRV55806
4506,PRV56262
4507,PRV54803
4508,PRV53766
4509,PRV52127
4510,PRV57676
4511,PRV57550
4512,PRV53315
4513,PRV55702
4514,PRV54288
4515,PRV56344
4516,PRV56122
4517,PRV55668
4518,PRV56904
4519,PRV53072
4520,PRV54439
4521,PRV55794
4522,PRV53107
4523,PRV53467
4524,PRV51733
4525,PRV53572
4526,PRV54263
4527,PRV52204
4528,PRV56548
4529,PRV53723
4530,PRV56354
4531,PRV52653
4532,PRV51186
4533,PRV51993
4534,PRV56524
4535,PRV56340
4536,PRV56973
4537,PRV56868
4538,PRV53453
4539,PRV51901
4540,PRV57561
4541,PRV56395
4542,PRV57682
4543,PRV57074
4544,PRV55160
4545,PRV55092
4546,PRV52626
4547,PRV52732
4548,PRV53139
4549,PRV56864
4550,PRV57020
4551,PRV54524
4552,PRV57381
4553,PRV51442
4554,PRV55641
4555,PRV55874
4556,PRV53351
4557,PRV54011
4558,PRV51679
4559,PRV57499
4560,PRV56708
4561,PRV52810
4562,PRV54014
4563,PRV57388
4564,PRV53751
4565,PRV53879
4566,PRV52773
4567,PRV57299
4568,PRV52295
4569,PRV53885
4570,PRV57735
4571,PRV54183
4572,PRV56388
4573,PRV57696
4574,PRV53949
4575,PRV57633
4576,PRV55342
4577,PRV54536
4578,PRV54012
4579,PRV53087
4580,PRV57438
4581,PRV53085
4582,PRV54871
4583,PRV54197
4584,PRV52579
4585,PRV55423
4586,PRV54589
4587,PRV55624
4588,PRV52257
4589,PRV57450
4590,PRV54435
4591,PRV56047
4592,PRV57471
4593,PRV54233
4594,PRV51104
4595,PRV53305
4596,PRV55877
4597,PRV56119
4598,PRV52547
4599,PRV52806
4600,PRV54119
4601,PRV57619
4602,PRV52238
4603,PRV53683
4604,PRV55989
4605,PRV54179
4606,PRV53204
4607,PRV54425
4608,PRV55425
4609,PRV57363
4610,PRV53180
4611,PRV51166
4612,PRV57067
4613,PRV56398
4614,PRV57147
4615,PRV53398
4616,PRV51724
4617,PRV54597
4618,PRV54824
4619,PRV53645
4620,PRV57472
4621,PRV52604
4622,PRV54606
4623,PRV55581
4624,PRV51654
4625,PRV57444
4626,PRV51830
4627,PRV57398
4628,PRV56660
4629,PRV54546
4630,PRV54633
4631,PRV54622
4632,PRV52643
4633,PRV52758
4634,PRV53701
4635,PRV52201
4636,PRV54184
4637,PRV55382
4638,PRV57141
4639,PRV54355
4640,PRV56083
4641,PRV54028
4642,PRV53119
4643,PRV52801
4644,PRV56926
4645,PRV57740
4646,PRV55783
4647,PRV54995
4648,PRV56903
4649,PRV52803
4650,PRV54628
4651,PRV54581
4652,PRV57752
4653,PRV53631
4654,PRV51630
4655,PRV52195
4656,PRV51660
4657,PRV57468
4658,PRV51628
4659,PRV57089
4660,PRV57132
4661,PRV51316
4662,PRV54146
4663,PRV52695
4664,PRV53582
4665,PRV56328
4666,PRV54638
4667,PRV51198
4668,PRV53587
4669,PRV55411
4670,PRV51587
4671,PRV57327
4672,PRV57401
4673,PRV55586
4674,PRV55040
4675,PRV56004
4676,PRV53485
4677,PRV56909
4678,PRV51599
4679,PRV52686
4680,PRV52925
4681,PRV53735
4682,PRV51358
4683,PRV53479
4684,PRV55683
4685,PRV53358
4686,PRV55471
4687,PRV54544
4688,PRV55919
4689,PRV51478
4690,PRV56084
4691,PRV52445
4692,PRV52744
4693,PRV55790
4694,PRV57391
4695,PRV53411
4696,PRV56958
4697,PRV53503
4698,PRV56196
4699,PRV53642
4700,PRV52770
4701,PRV52792
4702,PRV57373
4703,PRV57623
4704,PRV54357
4705,PRV56854
4706,PRV54587
4707,PRV54205
4708,PRV54501
4709,PRV54160
4710,PRV51806
4711,PRV56851
4712,PRV54674
4713,PRV53515
4714,PRV56252
4715,PRV54290
4716,PRV51218
4717,PRV53741
4718,PRV52289
4719,PRV51890
4720,PRV51043
4721,PRV52756
4722,PRV56797
4723,PRV56514
4724,PRV54519
4725,PRV53596
4726,PRV53157
4727,PRV55809
4728,PRV55118
4729,PRV55076
4730,PRV53217
4731,PRV51657
4732,PRV57277
4733,PRV53646
4734,PRV55859
4735,PRV54009
4736,PRV55785
4737,PRV53908
4738,PRV54300
4739,PRV57075
4740,PRV53027
4741,PRV56124
4742,PRV54422
4743,PRV56301
4744,PRV54789
4745,PRV51211
4746,PRV57678
4747,PRV54128
4748,PRV53724
4749,PRV54116
4750,PRV52471
4751,PRV56206
4752,PRV56363
4753,PRV54615
4754,PRV51115
4755,PRV56370
4756,PRV51238
4757,PRV55291
4758,PRV57115
4759,PRV57119
4760,PRV56139
4761,PRV54614
4762,PRV56914
4763,PRV56075
4764,PRV52446
4765,PRV57575
4766,PRV53183
4767,PRV51334
4768,PRV52235
4769,PRV54301
4770,PRV51330
4771,PRV55749
4772,PRV56324
4773,PRV55782
4774,PRV54148
4775,PRV56090
4776,PRV51664
4777,PRV55130
4778,PRV57552
4779,PRV55584
4780,PRV56304
4781,PRV53191
4782,PRV55776
4783,PRV57724
4784,PRV54712
4785,PRV52978
4786,PRV52976
4787,PRV54282
4788,PRV56820
4789,PRV56954
4790,PRV57161
4791,PRV53172
4792,PRV52206
4793,PRV52799
4794,PRV53373
4795,PRV56193
4796,PRV57632
4797,PRV54497
4798,PRV54191
4799,PRV54678
4800,PRV56316
4801,PRV56341
4802,PRV57599
4803,PRV51913
4804,PRV55777
4805,PRV54530
4806,PRV57560
4807,PRV53666
4808,PRV53602
4809,PRV54579
4810,PRV57094
4811,PRV54893
4812,PRV55564
4813,PRV57721
4814,PRV53521
4815,PRV54621
4816,PRV56518
4817,PRV56477
4818,PRV54876
4819,PRV56165
4820,PRV57078
4821,PRV52841
4822,PRV56337
4823,PRV53099
4824,PRV51205
4825,PRV52944
4826,PRV51607
4827,PRV53600
4828,PRV52196
4829,PRV53980
4830,PRV52596
4831,PRV51745
4832,PRV57660
4833,PRV52674
4834,PRV52464
4835,PRV51816
4836,PRV54115
4837,PRV54167
4838,PRV56878
4839,PRV54441
4840,PRV55602
4841,PRV51658
4842,PRV54500
4843,PRV51798
4844,PRV51380
4845,PRV51810
4846,PRV53211
4847,PRV53426
4848,PRV57700
4849,PRV56966
4850,PRV52808
4851,PRV56293
4852,PRV56976
4853,PRV57742
4854,PRV52526
4855,PRV51813
4856,PRV52286
4857,PRV54473
4858,PRV52453
4859,PRV53861
4860,PRV57091
4861,PRV56586
4862,PRV56202
4863,PRV53924
4864,PRV53843
4865,PRV51831
4866,PRV54794
4867,PRV54502
4868,PRV55286
4869,PRV51465
4870,PRV53970
4871,PRV55398
4872,PRV51666
4873,PRV53999
4874,PRV55355
4875,PRV53291
4876,PRV55348
4877,PRV55089
4878,PRV53818
4879,PRV55603
4880,PRV52482
4881,PRV56549
4882,PRV51888
4883,PRV52551
4884,PRV52672
4885,PRV52607
4886,PRV56393
4887,PRV51228
4888,PRV52754
4889,PRV54039
4890,PRV54520
4891,PRV52961
4892,PRV51569
4893,PRV51803
4894,PRV56910
4895,PRV54280
4896,PRV56302
4897,PRV51120
4898,PRV55305
4899,PRV53561
4900,PRV55760
4901,PRV55126
4902,PRV56531
4903,PRV52767
4904,PRV52952
4905,PRV54849
4906,PRV54711
4907,PRV51631
4908,PRV51295
4909,PRV57140
4910,PRV57612
4911,PRV57609
4912,PRV53196
4913,PRV55156
4914,PRV56699
4915,PRV56038
4916,PRV51075
4917,PRV52586
4918,PRV57753
4919,PRV54043
4920,PRV56853
4921,PRV51892
4922,PRV51688
4923,PRV51774
4924,PRV55661
4925,PRV54125
4926,PRV55161
4927,PRV55787
4928,PRV51557
4929,PRV52970
4930,PRV56662
4931,PRV52293
4932,PRV54053
4933,PRV54307
4934,PRV54188
4935,PRV55613
4936,PRV53501
4937,PRV54262
4938,PRV55131
4939,PRV51978
4940,PRV54123
4941,PRV53513
4942,PRV51735
4943,PRV53539
4944,PRV51744
4945,PRV53197
4946,PRV55527
4947,PRV55793
4948,PRV55418
4949,PRV55766
4950,PRV55610
4951,PRV53667
4952,PRV51570
4953,PRV53566
4954,PRV56342
4955,PRV55744
4956,PRV57298
4957,PRV54186
4958,PRV53198
4959,PRV56780
4960,PRV57039
4961,PRV56694
4962,PRV57692
4963,PRV51887
4964,PRV51288
4965,PRV51925
4966,PRV54818
4967,PRV56633
4968,PRV52966
4969,PRV54124
4970,PRV54463
4971,PRV54201
4972,PRV51638
4973,PRV54810
4974,PRV56310
4975,PRV53517
4976,PRV55830
4977,PRV53472
4978,PRV53206
4979,PRV57374
4980,PRV53355
4981,PRV54793
4982,PRV53158
4983,PRV54046
4984,PRV55862
4985,PRV53559
4986,PRV51098
4987,PRV51409
4988,PRV53350
4989,PRV57252
4990,PRV55622
4991,PRV56087
4992,PRV56283
4993,PRV51778
4994,PRV51248
4995,PRV57690
4996,PRV56540
4997,PRV56912
4998,PRV52231
4999,PRV53014
5000,PRV56289
5001,PRV54673
5002,PRV55765
5003,PRV54082
5004,PRV53079
5005,PRV53734
5006,PRV56120
5007,PRV56673
5008,PRV56267
5009,PRV57699
5010,PRV54553
5011,PRV55133
5012,PRV52769
5013,PRV57076
5014,PRV56712
5015,PRV56050
5016,PRV57645
5017,PRV54054
5018,PRV56373
5019,PRV55497
5020,PRV51706
5021,PRV51981
5022,PRV55077
5023,PRV56944
5024,PRV57084
5025,PRV53341
5026,PRV56891
5027,PRV51815
5028,PRV54867
5029,PRV54436
5030,PRV57264
5031,PRV51132
5032,PRV52671
5033,PRV55117
5034,PRV53310
5035,PRV57392
5036,PRV57389
5037,PRV52221
5038,PRV56681
5039,PRV56768
5040,PRV55494
5041,PRV55587
5042,PRV51708
5043,PRV52785
5044,PRV54182
5045,PRV51136
5046,PRV53473
5047,PRV53568
5048,PRV51833
5049,PRV52693
5050,PRV53619
5051,PRV53091
5052,PRV56067
5053,PRV54113
5054,PRV52485
5055,PRV53357
5056,PRV54178
5057,PRV53812
5058,PRV52082
5059,PRV55607
5060,PRV55106
5061,PRV57130
5062,PRV56091
5063,PRV53548
5064,PRV52794
5065,PRV56836
5066,PRV52800
5067,PRV52797
5068,PRV51325
5069,PRV56830
5070,PRV52577
5071,PRV56986
5072,PRV55648
5073,PRV56078
5074,PRV55430
5075,PRV54050
5076,PRV51093
5077,PRV52694
5078,PRV51977
5079,PRV53555
5080,PRV51805
5081,PRV54302
5082,PRV57077
5083,PRV55767
5084,PRV51750
5085,PRV53214
5086,PRV53656
5087,PRV56834
5088,PRV57273
5089,PRV56880
5090,PRV51500
5091,PRV56522
5092,PRV55706
5093,PRV54135
5094,PRV53086
5095,PRV55721
5096,PRV53678
5097,PRV53062
5098,PRV52777
5099,PRV54431
5100,PRV55144
5101,PRV55646
5102,PRV57762
5103,PRV51577
5104,PRV56855
5105,PRV54051
5106,PRV51799
5107,PRV56739
5108,PRV56771
5109,PRV53507
5110,PRV53083
5111,PRV51221
5112,PRV54864
5113,PRV51592
5114,PRV57246
5115,PRV53996
5116,PRV56965
5117,PRV56377
5118,PRV57087
5119,PRV53175
5120,PRV51812
5121,PRV55600
5122,PRV51819
5123,PRV55886
5124,PRV56900
5125,PRV53591
5126,PRV52954
5127,PRV54522
5128,PRV53554
5129,PRV54177
5130,PRV55665
5131,PRV51786
5132,PRV53240
5133,PRV54499
5134,PRV52463
5135,PRV52174
5136,PRV51354
5137,PRV55428
5138,PRV52462
5139,PRV56920
5140,PRV56313
5141,PRV55538
5142,PRV52760
5143,PRV54120
5144,PRV56089
5145,PRV51976
5146,PRV55371
5147,PRV57294
5148,PRV54482
5149,PRV54304
5150,PRV56530
5151,PRV56115
5152,PRV57283
5153,PRV55146
5154,PRV55539
5155,PRV56677
5156,PRV51222
5157,PRV54204
5158,PRV56076
5159,PRV56286
5160,PRV53034
5161,PRV56989
5162,PRV57005
5163,PRV54293
5164,PRV53125
5165,PRV54311
5166,PRV54467
5167,PRV55431
5168,PRV53525
5169,PRV56390
5170,PRV54192
5171,PRV56106
5172,PRV51231
5173,PRV56051
5174,PRV54031
5175,PRV55815
5176,PRV54800
5177,PRV55148
5178,PRV57371
5179,PRV55881
5180,PRV55578
5181,PRV53725
5182,PRV55427
5183,PRV55385
5184,PRV57396
5185,PRV53655
5186,PRV56391
5187,PRV57663
5188,PRV51703
5189,PRV54523
5190,PRV55711
5191,PRV53186
5192,PRV52904
5193,PRV54710
5194,PRV57280
5195,PRV52729
5196,PRV54456
5197,PRV57063
5198,PRV52784
5199,PRV55655
5200,PRV55802
5201,PRV55387
5202,PRV53235
5203,PRV57051
5204,PRV53013
5205,PRV55895
5206,PRV54308
5207,PRV51554
5208,PRV52227
5209,PRV54679
5210,PRV56099
5211,PRV52791
5212,PRV52726
5213,PRV57393
5214,PRV52741
5215,PRV51987
5216,PRV54424
5217,PRV56833
5218,PRV56288
5219,PRV52458
5220,PRV54498
5221,PRV55814
5222,PRV51797
5223,PRV53346
5224,PRV57731
5225,PRV56369
5226,PRV52226
5227,PRV54707
5228,PRV56543
5229,PRV56918
5230,PRV52669
5231,PRV55631
5232,PRV51236
5233,PRV57131
5234,PRV54862
5235,PRV54172
5236,PRV53049
5237,PRV54664
5238,PRV53730
5239,PRV57737
5240,PRV53168
5241,PRV52470
5242,PRV54187
5243,PRV55129
5244,PRV53599
5245,PRV53684
5246,PRV56339
5247,PRV54299
5248,PRV57679
5249,PRV54866
5250,PRV55811
5251,PRV51103
5252,PRV57286
5253,PRV53369
5254,PRV51534
5255,PRV57659
5256,PRV52957
5257,PRV51968
5258,PRV54057
5259,PRV53731
5260,PRV56774
5261,PRV51232
5262,PRV54045
5263,PRV55778
5264,PRV56984
5265,PRV53084
5266,PRV52746
5267,PRV52753
5268,PRV54449
5269,PRV54859
5270,PRV52525
5271,PRV52448
5272,PRV56641
5273,PRV57265
5274,PRV53839
5275,PRV51233
5276,PRV51237
5277,PRV51722
5278,PRV57473
5279,PRV54671
5280,PRV55377
5281,PRV53506
5282,PRV52537
5283,PRV55572
5284,PRV57464
5285,PRV57461
5286,PRV54856
5287,PRV51624
5288,PRV51889
5289,PRV55122
5290,PRV52261
5291,PRV54420
5292,PRV52200
5293,PRV55151
5294,PRV52816
5295,PRV53661
5296,PRV55384
5297,PRV52012
5298,PRV55074
5299,PRV51705
5300,PRV56387
5301,PRV55792
5302,PRV57707
5303,PRV55577
5304,PRV56946
5305,PRV53511
5306,PRV55067
5307,PRV53061
5308,PRV52807
5309,PRV55642
5310,PRV52814
5311,PRV52608
5312,PRV53978
5313,PRV57143
5314,PRV55330
5315,PRV57738
5316,PRV53718
5317,PRV53020
5318,PRV51787
5319,PRV51875
5320,PRV55810
5321,PRV56873
5322,PRV52786
5323,PRV56331
5324,PRV52638
5325,PRV56381
5326,PRV51213
5327,PRV56582
5328,PRV56969
5329,PRV53174
5330,PRV55134
5331,PRV55599
5332,PRV57670
5333,PRV57097
5334,PRV52781
5335,PRV55816
5336,PRV55761
5337,PRV57747
5338,PRV53601
5339,PRV56539
5340,PRV53033
5341,PRV57043
5342,PRV54796
5343,PRV55649
5344,PRV57667
5345,PRV54275
5346,PRV55801
5347,PRV56072
5348,PRV52651
5349,PRV57386
5350,PRV51235
5351,PRV53228
5352,PRV57080
5353,PRV52443
5354,PRV52733
5355,PRV54034
5356,PRV55657
5357,PRV52899
5358,PRV52494
5359,PRV53336
5360,PRV55879
5361,PRV52536
5362,PRV51727
5363,PRV53643
5364,PRV55154
5365,PRV51689
5366,PRV51711
5367,PRV57467
5368,PRV56545
5369,PRV56988
5370,PRV56998
5371,PRV55615
5372,PRV54817
5373,PRV52804
5374,PRV55637
5375,PRV54033
5376,PRV51423
5377,PRV54545
5378,PRV56908
5379,PRV53588
5380,PRV54503
5381,PRV54549
5382,PRV55400
5383,PRV57758
5384,PRV51704
5385,PRV54319
5386,PRV52757
5387,PRV57655
5388,PRV54295
5389,PRV56056
5390,PRV54820
5391,PRV56060
5392,PRV56029
5393,PRV57093
5394,PRV54006
5395,PRV54799
5396,PRV55078
5397,PRV51751
5398,PRV53509
5399,PRV57571
5400,PRV54199
5401,PRV55143
5402,PRV56168
5403,PRV57402
5404,PRV52736
5405,PRV56902
5406,PRV54294
5407,PRV51053
5408,PRV55405
5409,PRV57061
5410,PRV54013
